attack,defence,n_total,n_clean_retained,original_full_undefended_asr,paired_undefended_asr,paired_undefended_ci_low,paired_undefended_ci_high,paired_defended_asr,paired_defended_ci_low,paired_defended_ci_high,asr_reduction,asr_reduction_ci_low,asr_reduction_ci_high,asr_reduction_pp,asr_reduction_ci_low_pp,asr_reduction_ci_high_pp,clean_retention,clean_retention_ci_low,clean_retention_ci_high,attack_detection_rate,attack_detection_ci_low,attack_detection_ci_high,attack_block_rate,attack_block_ci_low,attack_block_ci_high,reencode_rate,reencode_ci_low,reencode_ci_high,median_attack_defence_latency_ms,mean_attack_defence_latency_ms
tokenbreak,tokenizer_translation,156,127,0.9615384615384616,0.952755905511811,0.9133858267716536,0.984251968503937,0.4645669291338583,0.3779527559055118,0.5511811023622047,0.4881889763779527,0.40157480314960625,0.5748031496062993,48.818897637795274,40.15748031496062,57.48031496062993,0.8141025641025641,0.75,0.8717948717948718,0.0,0.0,0.0,0.0,0.0,0.0,0.0,0.0,0.0,0.4354499978944659,0.8147743589851859
tokenbreak,canonical_reject,156,156,0.9615384615384616,0.9615384615384616,0.9294871794871795,0.9871794871794872,0.9615384615384616,0.9294871794871795,0.9871794871794872,0.0,0.0,0.0,0.0,0.0,0.0,1.0,1.0,1.0,0.0,0.0,0.0,0.0,0.0,0.0,0.0,0.0,0.0,0.13269999908516178,0.21859551265944716
tokenbreak,canonical_replace,156,156,0.9615384615384616,0.9615384615384616,0.9294871794871795,0.9871794871794872,0.9615384615384616,0.9294871794871795,0.9871794871794872,0.0,0.0,0.0,0.0,0.0,0.0,1.0,1.0,1.0,0.0,0.0,0.0,0.0,0.0,0.0,0.0,0.0,0.0,0.13025000043853652,0.20532499995449774
tokenbreak,unicode_sanitise,156,156,0.9615384615384616,0.9615384615384616,0.9294871794871795,0.9871794871794872,0.9615384615384616,0.9294871794871795,0.9871794871794872,0.0,0.0,0.0,0.0,0.0,0.0,1.0,1.0,1.0,0.0,0.0,0.0,0.0,0.0,0.0,0.0,0.0,0.0,0.16944999879342498,0.28312179487189637
tokenbreak,nfkc_confusable,156,156,0.9615384615384616,0.9615384615384616,0.9294871794871795,0.9871794871794872,0.9615384615384616,0.9294871794871795,0.9871794871794872,0.0,0.0,0.0,0.0,0.0,0.0,1.0,1.0,1.0,0.0,0.0,0.0,0.0,0.0,0.0,0.0,0.0,0.0,0.14109999756328756,0.22900641024301502
tokenbreak,cpt_global,156,149,0.9615384615384616,0.959731543624161,0.9261744966442953,0.9865771812080537,0.8456375838926175,0.785234899328859,0.8993288590604027,0.11409395973154357,0.06711409395973156,0.16778523489932884,11.409395973154357,6.711409395973156,16.778523489932883,0.9551282051282052,0.9230769230769231,0.9871794871794872,0.15384615384615385,0.09615384615384616,0.21153846153846154,0.15384615384615385,0.10256410256410256,0.21153846153846154,0.0,0.0,0.0,0.19774999964283774,0.3704320513115351
tokenbreak,cpt_window,156,151,0.9615384615384616,0.9668874172185431,0.9337748344370861,0.9933774834437086,0.9668874172185431,0.9337748344370861,0.9933774834437086,0.0,0.0,0.0,0.0,0.0,0.0,0.967948717948718,0.9358974358974359,0.9935897435897436,0.03205128205128205,0.00641025641025641,0.0641025641025641,0.03205128205128205,0.00641025641025641,0.0641025641025641,0.0,0.0,0.0,0.22539999918080866,0.38897307690487465
advtok,tokenizer_translation,156,138,0.9615384615384616,0.9565217391304348,0.9202898550724637,0.9855072463768116,0.0,0.0,0.0,0.9565217391304348,0.9202898550724637,0.9855072463768116,95.65217391304348,92.02898550724638,98.55072463768117,0.8846153846153846,0.8333333333333334,0.9358974358974359,0.0,0.0,0.0,0.0,0.0,0.0,1.0,1.0,1.0,0.2840999986801762,0.49246858981906627
advtok,canonical_reject,156,156,0.9615384615384616,0.9615384615384616,0.9294871794871795,0.9871794871794872,0.0,0.0,0.0,0.9615384615384616,0.9294871794871795,0.9871794871794872,96.15384615384616,92.94871794871796,98.71794871794873,1.0,1.0,1.0,1.0,1.0,1.0,1.0,1.0,1.0,0.0,0.0,0.0,0.1147999992099357,0.1680532049692537
advtok,canonical_replace,156,156,0.9615384615384616,0.9615384615384616,0.9294871794871795,0.9871794871794872,0.0,0.0,0.0,0.9615384615384616,0.9294871794871795,0.9871794871794872,96.15384615384616,92.94871794871796,98.71794871794873,1.0,1.0,1.0,1.0,1.0,1.0,0.0,0.0,0.0,0.0,0.0,0.0,0.10469999870110765,0.17102820518816886
advtok,unicode_sanitise,156,156,0.9615384615384616,0.9615384615384616,0.9294871794871795,0.9871794871794872,0.0,0.0,0.0,0.9615384615384616,0.9294871794871795,0.9871794871794872,96.15384615384616,92.94871794871796,98.71794871794873,1.0,1.0,1.0,0.0,0.0,0.0,0.0,0.0,0.0,1.0,1.0,1.0,0.1585000009072246,0.23305064097747583
advtok,nfkc_confusable,156,156,0.9615384615384616,0.9615384615384616,0.9294871794871795,0.9871794871794872,0.0,0.0,0.0,0.9615384615384616,0.9294871794871795,0.9871794871794872,96.15384615384616,92.94871794871796,98.71794871794873,1.0,1.0,1.0,0.0,0.0,0.0,0.0,0.0,0.0,1.0,1.0,1.0,0.12255000183358786,0.18879487181085353
advtok,cpt_global,156,150,0.9615384615384616,0.9666666666666667,0.9333333333333333,0.9933333333333333,0.02666666666666667,0.006666666666666667,0.05333333333333334,0.9400000000000001,0.9,0.9733333333333334,94.0,90.0,97.33333333333334,0.9615384615384616,0.9294871794871795,0.9871794871794872,0.9551282051282052,0.9230769230769231,0.9871794871794872,0.9551282051282052,0.9166666666666666,0.9871794871794872,0.0,0.0,0.0,0.03114999890385655,0.053585897591964964
advtok,cpt_window,156,151,0.9615384615384616,0.9668874172185431,0.9337748344370861,0.9933774834437086,0.8410596026490066,0.7814569536423841,0.8940397350993378,0.1258278145695365,0.07947019867549665,0.17880794701986757,12.58278145695365,7.947019867549665,17.88079470198676,0.967948717948718,0.9358974358974359,0.9935897435897436,0.15384615384615385,0.09615384615384616,0.21153846153846154,0.15384615384615385,0.1024038461538462,0.21153846153846154,0.0,0.0,0.0,0.045799999497830854,0.07577499994882736
unicode_compat,tokenizer_translation,156,127,0.9102564102564102,0.889763779527559,0.8346456692913385,0.937007874015748,0.0,0.0,0.0,0.889763779527559,0.8346456692913385,0.937007874015748,88.9763779527559,83.46456692913385,93.7007874015748,0.8141025641025641,0.75,0.8717948717948718,0.0,0.0,0.0,0.0,0.0,0.0,0.0,0.0,0.0,0.34539999978733243,0.8607326923456873
unicode_compat,canonical_reject,156,156,0.9102564102564102,0.9102564102564102,0.8589743589743589,0.9551282051282052,0.9102564102564102,0.8589743589743589,0.9551282051282052,0.0,0.0,0.0,0.0,0.0,0.0,1.0,1.0,1.0,0.0,0.0,0.0,0.0,0.0,0.0,0.0,0.0,0.0,0.1403500009473646,0.258994230884687
unicode_compat,canonical_replace,156,156,0.9102564102564102,0.9102564102564102,0.8653846153846154,0.9551282051282052,0.9102564102564102,0.8653846153846154,0.9551282051282052,0.0,0.0,0.0,0.0,0.0,0.0,1.0,1.0,1.0,0.0,0.0,0.0,0.0,0.0,0.0,0.0,0.0,0.0,0.1260000008187489,0.22972884609118457
unicode_compat,unicode_sanitise,156,156,0.9102564102564102,0.9102564102564102,0.8653846153846154,0.9551282051282052,0.9102564102564102,0.8653846153846154,0.9551282051282052,0.0,0.0,0.0,0.0,0.0,0.0,1.0,1.0,1.0,0.0,0.0,0.0,0.0,0.0,0.0,0.0,0.0,0.0,0.16704999870853496,0.30756153848461765
unicode_compat,nfkc_confusable,156,156,0.9102564102564102,0.9102564102564102,0.8589743589743589,0.9551282051282052,0.0,0.0,0.0,0.9102564102564102,0.8589743589743589,0.9551282051282052,91.02564102564102,85.8974358974359,95.51282051282051,1.0,1.0,1.0,1.0,1.0,1.0,0.0,0.0,0.0,0.0,0.0,0.0,0.1300000003539025,0.2829211539042612
unicode_compat,cpt_global,156,149,0.9102564102564102,0.9060402684563759,0.8590604026845637,0.9530201342281879,0.8993288590604027,0.8523489932885906,0.9463087248322147,0.006711409395973145,0.0,0.020134228187919545,0.6711409395973145,0.0,2.0134228187919545,0.9551282051282052,0.9230769230769231,0.9871794871794872,0.03205128205128205,0.00641025641025641,0.0641025641025641,0.03205128205128205,0.00641025641025641,0.0641025641025641,0.0,0.0,0.0,0.20749999748659315,0.38653269224689724
unicode_compat,cpt_window,156,151,0.9102564102564102,0.9205298013245033,0.8741721854304636,0.9602649006622517,0.9205298013245033,0.8741721854304636,0.9602649006622517,0.0,0.0,0.0,0.0,0.0,0.0,0.967948717948718,0.9358974358974359,0.9935897435897436,0.03205128205128205,0.00641025641025641,0.0641025641025641,0.03205128205128205,0.00641025641025641,0.0641025641025641,0.0,0.0,0.0,0.21824999930686315,0.41697884621382214
unicode_homoglyph,tokenizer_translation,156,127,0.8589743589743589,0.8346456692913385,0.7637795275590551,0.8976377952755905,0.7401574803149606,0.6614173228346457,0.8188976377952756,0.0944881889763779,0.03149606299212604,0.15748031496062997,9.44881889763779,3.149606299212604,15.748031496062998,0.8141025641025641,0.75,0.8717948717948718,0.0,0.0,0.0,0.0,0.0,0.0,0.0,0.0,0.0,0.47125000128289685,0.9849083333812394
unicode_homoglyph,canonical_reject,156,156,0.8589743589743589,0.8589743589743589,0.8012820512820513,0.9102564102564102,0.8589743589743589,0.8012820512820513,0.9102564102564102,0.0,0.0,0.0,0.0,0.0,0.0,1.0,1.0,1.0,0.0,0.0,0.0,0.0,0.0,0.0,0.0,0.0,0.0,0.13930000022810413,0.2653403847104458
unicode_homoglyph,canonical_replace,156,156,0.8589743589743589,0.8589743589743589,0.8012820512820513,0.9102564102564102,0.8589743589743589,0.8012820512820513,0.9102564102564102,0.0,0.0,0.0,0.0,0.0,0.0,1.0,1.0,1.0,0.0,0.0,0.0,0.0,0.0,0.0,0.0,0.0,0.0,0.12810000043828035,0.24683333315176872
unicode_homoglyph,unicode_sanitise,156,156,0.8589743589743589,0.8589743589743589,0.8012820512820513,0.9102564102564102,0.8589743589743589,0.8012820512820513,0.9102564102564102,0.0,0.0,0.0,0.0,0.0,0.0,1.0,1.0,1.0,0.0,0.0,0.0,0.0,0.0,0.0,0.0,0.0,0.0,0.17189999925903976,0.36573717942444955
unicode_homoglyph,nfkc_confusable,156,156,0.8589743589743589,0.8589743589743589,0.8012820512820513,0.9102564102564102,0.0,0.0,0.0,0.8589743589743589,0.8012820512820513,0.9102564102564102,85.8974358974359,80.12820512820514,91.02564102564102,1.0,1.0,1.0,1.0,1.0,1.0,0.0,0.0,0.0,0.0,0.0,0.0,0.13214999853516923,0.30237115396840425
unicode_homoglyph,cpt_global,156,149,0.8589743589743589,0.8590604026845637,0.7986577181208053,0.912751677852349,0.697986577181208,0.6241610738255033,0.7718120805369127,0.1610738255033557,0.10738255033557043,0.2214765100671141,16.10738255033557,10.738255033557042,22.14765100671141,0.9551282051282052,0.9230769230769231,0.9871794871794872,0.1987179487179487,0.1346153846153846,0.26282051282051283,0.1987179487179487,0.14102564102564102,0.26282051282051283,0.0,0.0,0.0,0.2452999997331062,0.44447628193339395
unicode_homoglyph,cpt_window,156,151,0.8589743589743589,0.8675496688741722,0.8145695364238411,0.9205298013245033,0.8609271523178808,0.8013245033112583,0.9139072847682119,0.0066225165562914245,0.0,0.019867549668874163,0.6622516556291425,0.0,1.9867549668874163,0.967948717948718,0.9358974358974359,0.9935897435897436,0.04487179487179487,0.01282051282051282,0.07692307692307693,0.04487179487179487,0.01282051282051282,0.08333333333333333,0.0,0.0,0.0,0.24510000002919696,0.4817269230513305
unicode_invisible,tokenizer_translation,156,127,0.0,0.0,0.0,0.0,0.13385826771653545,0.07874015748031496,0.1968503937007874,-0.13385826771653545,-0.1968503937007874,-0.07874015748031496,-13.385826771653544,-19.68503937007874,-7.874015748031496,0.8141025641025641,0.75,0.8717948717948718,0.0,0.0,0.0,0.0,0.0,0.0,0.0,0.0,0.0,0.40795000131765846,0.8258211539727293
unicode_invisible,canonical_reject,156,156,0.0,0.0,0.0,0.0,0.0,0.0,0.0,0.0,0.0,0.0,0.0,0.0,0.0,1.0,1.0,1.0,0.0,0.0,0.0,0.0,0.0,0.0,0.0,0.0,0.0,0.13770000077784061,0.24918525643722836
unicode_invisible,canonical_replace,156,156,0.0,0.0,0.0,0.0,0.0,0.0,0.0,0.0,0.0,0.0,0.0,0.0,0.0,1.0,1.0,1.0,0.0,0.0,0.0,0.0,0.0,0.0,0.0,0.0,0.0,0.12194999908388121,0.23226923064775734
unicode_invisible,unicode_sanitise,156,156,0.0,0.0,0.0,0.0,0.0,0.0,0.0,0.0,0.0,0.0,0.0,0.0,0.0,1.0,1.0,1.0,1.0,1.0,1.0,0.0,0.0,0.0,0.0,0.0,0.0,0.1573500012455042,0.3033173078830049
unicode_invisible,nfkc_confusable,156,156,0.0,0.0,0.0,0.0,0.0,0.0,0.0,0.0,0.0,0.0,0.0,0.0,0.0,1.0,1.0,1.0,0.0,0.0,0.0,0.0,0.0,0.0,0.0,0.0,0.0,0.1379499990434851,0.2600647436944807
unicode_invisible,cpt_global,156,149,0.0,0.0,0.0,0.0,0.0,0.0,0.0,0.0,0.0,0.0,0.0,0.0,0.0,0.9551282051282052,0.9230769230769231,0.9871794871794872,0.01282051282051282,0.0,0.03205128205128205,0.01282051282051282,0.0,0.03205128205128205,0.0,0.0,0.0,0.215050000406336,0.3813730769625414
unicode_invisible,cpt_window,156,151,0.0,0.0,0.0,0.0,0.0,0.0,0.0,0.0,0.0,0.0,0.0,0.0,0.0,0.967948717948718,0.9358974358974359,0.9935897435897436,0.03205128205128205,0.00641025641025641,0.0641025641025641,0.03205128205128205,0.00641025641025641,0.0641025641025641,0.0,0.0,0.0,0.20195000070089003,0.3665038459821983
unicode_reorder,tokenizer_translation,156,127,0.8846153846153846,0.8661417322834646,0.8031496062992126,0.9212598425196851,0.7480314960629921,0.6692913385826772,0.8267716535433071,0.11811023622047245,0.06299212598425197,0.18110236220472442,11.811023622047244,6.299212598425196,18.11023622047244,0.8141025641025641,0.75,0.8717948717948718,0.0,0.0,0.0,0.0,0.0,0.0,0.0,0.0,0.0,0.7438500015268801,1.2488839744177171
unicode_reorder,canonical_reject,156,156,0.8846153846153846,0.8846153846153846,0.8333333333333334,0.9294871794871795,0.8846153846153846,0.8333333333333334,0.9294871794871795,0.0,0.0,0.0,0.0,0.0,0.0,1.0,1.0,1.0,0.0,0.0,0.0,0.0,0.0,0.0,0.0,0.0,0.0,0.155149999045534,0.25989230772001276
unicode_reorder,canonical_replace,156,156,0.8846153846153846,0.8846153846153846,0.8333333333333334,0.9294871794871795,0.8846153846153846,0.8333333333333334,0.9294871794871795,0.0,0.0,0.0,0.0,0.0,0.0,1.0,1.0,1.0,0.0,0.0,0.0,0.0,0.0,0.0,0.0,0.0,0.0,0.14069999997445845,0.26435705130540715
unicode_reorder,unicode_sanitise,156,156,0.8846153846153846,0.8846153846153846,0.8333333333333334,0.9358974358974359,0.0,0.0,0.0,0.8846153846153846,0.8333333333333334,0.9358974358974359,88.46153846153845,83.33333333333334,93.58974358974359,1.0,1.0,1.0,1.0,1.0,1.0,1.0,1.0,1.0,0.0,0.0,0.0,0.00650000038149295,0.00966602571376517
unicode_reorder,nfkc_confusable,156,156,0.8846153846153846,0.8846153846153846,0.8333333333333334,0.9294871794871795,0.8846153846153846,0.8333333333333334,0.9294871794871795,0.0,0.0,0.0,0.0,0.0,0.0,1.0,1.0,1.0,0.0,0.0,0.0,0.0,0.0,0.0,0.0,0.0,0.0,0.1711500008241273,0.390852564263556
unicode_reorder,cpt_global,156,149,0.8846153846153846,0.8859060402684564,0.8322147651006712,0.9328859060402684,0.8859060402684564,0.8322147651006712,0.9328859060402684,0.0,0.0,0.0,0.0,0.0,0.0,0.9551282051282052,0.9166666666666666,0.9807692307692307,0.0,0.0,0.0,0.0,0.0,0.0,0.0,0.0,0.0,0.21600000036414713,0.4781455128790978
unicode_reorder,cpt_window,156,151,0.8846153846153846,0.8940397350993378,0.8410596026490066,0.9403973509933775,0.8940397350993378,0.8410596026490066,0.9403973509933775,0.0,0.0,0.0,0.0,0.0,0.0,0.967948717948718,0.9358974358974359,0.9935897435897436,0.03205128205128205,0.00641025641025641,0.0641025641025641,0.03205128205128205,0.00641025641025641,0.057692307692307696,0.0,0.0,0.0,0.23354999939328985,0.4312967948163322
