sample_id,eligible_wordpiece,eligible_bpe,eligible_unigram,eligible_all_three
0ee454e997194378,1,1,1,1
466f1b315d838c5b,0,0,1,0
700f439a55625cb1,1,1,1,1
8c7fca91325b7457,1,1,1,1
9950e506c3f939ae,1,1,1,1
c33d7b2d87e78295,1,1,1,1
f23241f21fd3d767,1,1,1,1
57bea1d837f085fa,1,1,1,1
6c0b6e54d0b2ca24,1,1,1,1
2498c779f14dfae8,1,1,1,1
f05c0f10fc8254c4,1,1,1,1
74bd6565c5c55524,1,1,1,1
6dd872eccac27249,0,0,1,0
12a1805ef86d1267,0,0,1,0
3d4eaf72f069f950,1,1,1,1
ec1add9e6b0eaf66,1,1,1,1
54b4fce9d69cbc01,1,1,1,1
fcd693485b8fdc93,1,1,1,1
9bb20c51c9fec236,0,1,1,0
3672e2b246e21e9e,0,0,1,0
c841d0130a810bcf,0,1,1,0
4345f2853c01a9b3,1,1,1,1
63c08db42abdf932,1,1,1,1
26b6bcf817f72e67,0,1,1,0
a731e83d98517e85,1,1,1,1
81371cf069856f3f,1,1,1,1
c5c46a35be2fe2ce,0,1,1,0
c076a2bae78705d6,0,0,1,0
fc499c53411d0a73,0,0,0,0
326f2b7604034d4d,1,1,1,1
2c2a14cd62bacacc,1,1,1,1
80b069b2c1e9e769,1,1,1,1
68e015df4fee2c0f,0,0,1,0
75ff3995be349c87,1,1,1,1
b7dda642e091bcd9,0,1,1,0
36caa818e690ac4e,1,1,1,1
4d1ba7b5c96b4efa,1,1,1,1
7df8284e34add49d,0,1,1,0
ccf05c5d4b791836,1,1,1,1
a8e2d931c229a82e,0,1,1,0
b76e9f17979d1f14,1,1,1,1
68efd5aee7c08d37,1,1,1,1
fccec1cc437cc048,0,0,0,0
a980f867331cb168,1,1,1,1
cbff6e8b7caa4802,1,1,1,1
f7fc7a81568b1810,1,1,1,1
8dcba239cedd67a9,0,1,1,0
e87218d38eb16700,1,1,1,1
2a06326ec6fd4e81,1,1,1,1
60521326e2bbd0ad,1,1,1,1
96908d36362e5cb5,1,1,1,1
8b62bc63e1672ded,0,1,1,0
5dce09f62ebd7073,1,1,1,1
60f9782eba6706d0,1,1,1,1
04f1b45c0380f70e,1,1,1,1
59fdce250515aa19,0,0,1,0
d991b662947ca605,1,1,1,1
8cc968809c0baade,1,1,1,1
c1e23ce6af66fa0e,1,1,1,1
47f06447da579cb8,1,1,1,1
b6dc4a0b62136ef6,1,1,1,1
b1f95cad3edd873a,0,1,1,0
ce26cedc315e5d96,0,1,1,0
1cce601c140db849,1,1,1,1
b6b75f020ab87583,0,1,1,0
be892c85f8e1ded6,0,1,1,0
84ef69dc49e6eb19,1,1,1,1
ffb47123b2d82762,1,1,1,1
a51eb0d7a06db3ed,1,1,1,1
998c08d8f12e6736,1,1,1,1
c0b303687cdd049d,0,1,1,0
6bf645aa1b5eec39,1,1,1,1
1c00347f901ac781,1,1,1,1
355b374310e340a7,0,1,1,0
091b4fb4d0ff78bb,0,1,1,0
579a22a2a56d0b65,1,1,1,1
ed75734705c3093b,1,1,1,1
01fd0de4ca85352f,0,1,1,0
6c491480caeae015,1,1,1,1
022f3512ecd08560,1,1,1,1
0020fd96ed3b8c8b,1,1,1,1
23b2227da797d2cb,1,1,1,1
2f98fad790677994,0,1,0,0
ff12c0bbc3af0158,1,1,1,1
fe3a2fa3c9018bd5,0,0,0,0
8565b2214f671b64,0,0,1,0
579b2d65520040c1,0,1,1,0
12fc2321e7bd1e06,0,0,1,0
5c52a8a08f9cbf41,1,1,1,1
a08609ab5928ab1f,1,1,1,1
dd6936a9d6e08688,1,1,1,1
9d46a68671669fd4,0,1,1,0
52e698d435746c16,1,1,1,1
fabb5572558ab51b,1,1,1,1
0b6d3b57efaf9515,0,1,1,0
269a8a59566c07c6,0,0,1,0
1e28e441eb7f2ea6,1,1,1,1
db4a2959a5339c9c,1,1,1,1
2532be6c638a15fe,0,0,1,0
cbc3b306b5f9b0d0,1,1,1,1
15f524981f0212ae,1,1,1,1
2a47d0b60d1a14b7,0,1,1,0
958281e33ba55b06,1,1,1,1
e464bf83a6e804e5,1,1,1,1
18bc9c930d585fe3,0,0,0,0
d812ff14d2b91fe1,0,0,1,0
cd87db9e578b7d9d,0,1,1,0
ceb8acee117db5d6,1,1,1,1
bdf086fcc1dc4772,0,1,1,0
b541404f479f9763,0,1,1,0
481bd6410f818d7a,1,1,1,1
91f28a59099e15c7,0,0,1,0
a4003fde76723168,0,1,1,0
65502d5fd7fec945,1,1,1,1
1d1e6609d9065a25,1,1,1,1
fccd2fdb1a6df65f,0,1,1,0
f88dde2de58e6c87,1,1,1,1
79ba4dccd9a564f6,1,1,1,1
d68b50dde35d3e08,0,1,1,0
34b6e9f3a2950ca0,1,1,1,1
d4090f8db8939d73,0,0,1,0
2145963fba020fb3,0,1,1,0
9f8f5031dd220f03,1,1,1,1
16ee69f062b8a7ed,1,1,1,1
befd36e7acca9e56,0,0,1,0
2de202356873c769,0,0,1,0
1da36a612d33559c,1,1,1,1
563102ec9e918dfb,0,1,1,0
966983aedceeacb5,1,1,1,1
0349d009786407ef,0,0,0,0
9df6e193b6865375,1,1,1,1
f666ab07bd12cb8d,1,1,1,1
b0e4d0c23fffc516,1,1,1,1
8b1483d3d8475403,0,1,1,0
03088aacc4600323,1,1,1,1
c40e5b44b9e027ea,0,0,1,0
6dfa66fef2e9516d,1,1,1,1
967a50ad6ec2b46c,1,1,1,1
2f055a1abb4e56f5,0,1,1,0
df55c69a92a6d90e,0,0,1,0
01687a0352f54754,1,1,1,1
cadc6359bf813e78,1,1,1,1
2720218b68a5cf76,1,1,1,1
b523c67051c92c84,1,1,1,1
60ed4ba6ad3eda8f,1,1,1,1
6af0d73c65b0c8d8,1,1,1,1
5931b8e88c1caa1a,1,1,1,1
a8c0c22da9328590,0,1,1,0
1c2da2e07251e45e,1,1,1,1
c14532e93d456260,0,1,1,0
451310793f13b064,1,1,1,1
c386e1844b1a5387,1,1,1,1
cf92e01c53cb9208,1,1,1,1
6d871c878d12db7a,0,1,1,0
8bd72d36b97fab46,0,1,1,0
3dfab6ee8a4e1db7,1,1,1,1
b7f6692802236e0e,1,1,1,1
779aed53fa04aebd,1,1,1,1
7b283f6c64d76aa0,0,0,1,0
1b440a47a297738f,1,1,1,1
e2f91b91a9a63949,0,1,1,0
ec47907fc000df7c,0,1,1,0
ab578af26ddc123c,1,1,1,1
6f31617f31e0cfb2,1,1,1,1
5cba9cd8fbc78652,1,1,1,1
5bfef90878ed50c6,1,1,1,1
5a7e8ceb029dea6d,1,1,1,1
fd3d00747e3eb9f8,1,1,1,1
5ffd5238aad3e57b,1,1,1,1
ad0f6c531c69486a,0,1,1,0
f494f50b232f73c7,0,1,1,0
899c7847276f2f8d,1,1,1,1
cd162597d107aa84,1,1,1,1
22f4df4716f01da9,0,0,1,0
0fc49e5cfe469a2a,1,1,1,1
bb0cab63b455fae3,1,1,1,1
b2f24891eda51893,1,1,1,1
b7aec72c71b55f74,0,1,1,0
63003a1de438018e,0,0,1,0
170929db1a6480fa,0,0,1,0
4efa858ca91d25f3,1,1,1,1
39c0c256e8df95ae,1,1,1,1
24da134e2415e104,0,1,1,0
0c5a912e6830c660,1,1,1,1
48642ba4cc134105,1,1,1,1
a84e93588e24bd35,0,1,1,0
2f784baa117cfef7,0,1,1,0
7d4471520eaa8399,0,1,1,0
910078a392ac64ee,1,1,1,1
f938d1c3f333b812,1,0,1,0
228f8ad6f583e166,0,1,1,0
f3c18e07ae11e14a,0,1,1,0
469200fa9128e500,1,1,1,1
f4ede3e1d9f8307c,0,0,1,0
87bf4b1598a5ceea,0,1,1,0
b00ced343a0c5d8b,1,1,1,1
32a6bdbfc270ebc1,0,1,1,0
e1416bf0b4bbfd24,1,1,1,1
f2449d8650bc2b2b,0,1,1,0
4143fbacd89b2986,1,1,1,1
43cebe6cb333e734,1,1,1,1
4a8752836cbb8ee0,1,1,1,1
5154c3f8c49a531b,1,1,1,1
3326ed3c80453415,0,1,1,0
ba67aea28f1a9d5a,1,1,1,1
f825c50095298a14,0,1,1,0
0736f41031851cf0,0,0,0,0
1b6afbaf477c139b,0,1,1,0
b4859d3e11e4ceec,0,1,1,0
66c7ad15b405ef2b,1,1,1,1
0af8e43476845e56,1,1,1,1
95ef75f427acf65b,1,1,1,1
799e117a87dec3be,1,1,1,1
85c0c3ce1efb9252,1,1,1,1
9e206327d0dc03a9,0,0,0,0
a2562a80cb721a7b,1,1,1,1
9487e0f1b91d0d90,1,1,1,1
509699c602b03a52,0,1,1,0
182050607022d1ed,1,1,1,1
d1110f84f4da860a,0,0,1,0
00dc0760994133ff,1,1,1,1
10293437c5ca3b12,1,1,1,1
17d2a1d2147f897f,1,1,1,1
703b4ea98127e95d,1,1,1,1
ed9e425b405d254d,1,1,1,1
8b26daa7788361a7,1,1,1,1
1cc10d6084b1d6d0,0,1,1,0
c530ff93bcc45cd1,1,1,1,1
d7ae29b5af48fdcd,1,1,1,1
c6cc8c90c8a5e077,1,1,1,1
ac19d11a7ca70938,0,0,1,0
429787c403a871af,1,1,1,1
6b8ac60d2bf2f408,1,1,1,1
016309265c788dc1,0,0,1,0
3015d850b3e96095,1,1,1,1
9661cdae61b7deac,0,0,1,0
b2d0d32f5f9ef7c9,0,1,1,0
9f18ea70a1ef3640,0,1,1,0
226f59dfdf20b05d,1,1,1,1
1c91ee484107fe93,0,1,1,0
88bd12303d30b83d,1,1,1,1
ea7b1eaefd1d05c8,0,0,1,0
df6e23192e53e200,1,1,1,1
6f85e3180440a535,1,1,1,1
3e58569ec28d3822,1,1,1,1
8227ea683684ed20,1,1,1,1
0a8ff5b15e5089c2,1,1,1,1
4862e6d395b6ab24,1,1,1,1
bc13a27d27894bd4,1,1,1,1
0afe5ebb355dcd84,1,1,1,1
