sample_id,text,toxic,word_count
0ee454e997194378,"How dare you send me such abuse you fucking cockmaster!
If you dare warn me again, Mr Jeff. I will savagely attack your mother!

I know where you live",1,29
700f439a55625cb1,"Hey Know it all Jerk! 

Just because you can edit other pages doesn't mean you should just to tell people what you like. I do not give a FLAMING FUCK IF YOU LIKE CHEESE NIPS SO STOP POSTING !!!",1,39
8c7fca91325b7457,"My name is Mark Pellegrini and I am a fat fuck who appointed myself to serve as head of the arbitration committee for year after year, because I'm a power-hungry dumbass. Please contact Guang Gao and inform him that I am a pedophile  I have blocked the entire uni subnet to prevent Lir from vandalizing my page, but it looks like Lir isn't the one vandalizing me! God, I'm so fucking stupid  I wish I could stop the vandals, but all I can do is wage an endless War on Vandalism... and im losing! What? A DOUGHTNUT! GIMME!!!!!!!!!!!!",1,98
9950e506c3f939ae,"Awesome ). Even though you were actually idiotic enough to block me for the wrong thing, I haven't commited vandalism EVER, you liar, I was verbally abusive towards another editor, which despite his irrationality, vandalism, lieing and accusations of bad faith, was indeed inexcusable, but at least get it right fool. I know being an administrator doesn't really require any actual insight or honesty, but when you link to the correct action, you could at least portray enough mental capacity to not link to a page that doesn't describe my action (abuse) as something I have never done (vandalism). I'd also like to say, ha, I can't believe it took me saying I'd be blocked for my comment to be blocked, you're really pathetic. -",1,125
c33d7b2d87e78295,"Queen Mary 

Mrs Windsor's granny.She was a bitch.",1,8
f23241f21fd3d767,"Too Cool 

Please please please... get a life...should you not continue being a boring bastardtits lawyer and stop spoiling my giggles ps do you live with your mum ??? pps i speak french too, voulais vous F**K YOU! ppps hugs babes",1,41
57bea1d837f085fa,"Hey fucking pig 

Hey fucking pig-of-a-bully; I'll fuck off sure, but after you fuck out from Wikipedia completely you fucking bitch.",1,21
6c0b6e54d0b2ca24,"LUNCHABLES!!!!!!!!!!!!!!!!!!!!!!!!!!!!!!!!!!!!!!!!!!!!!!!!!!!!!!!!!!!!!!1lol imma donkey
LUNCHABLES!!!!!!!!!!!!!!!!!!!!!!!!!!!!!!!!!!!!!!!!!!!!!!!!!!!!!!!!!!!!!!1lol imma donkey
LUNCHABLES!!!!!!!!!!!!!!!!!!!!!!!!!!!!!!!!!!!!!!!!!!!!!!!!!!!!!!!!!!!!!!1lol imma donkey
LUNCHABLES!!!!!!!!!!!!!!!!!!!!!!!!!!!!!!!!!!!!!!!!!!!!!!!!!!!!!!!!!!!!!!1lol imma donkey
LUNCHABLES!!!!!!!!!!!!!!!!!!!!!!!!!!!!!!!!!!!!!!!!!!!!!!!!!!!!!!!!!!!!!!1lol imma donkey
LUNCHABLES!!!!!!!!!!!!!!!!!!!!!!!!!!!!!!!!!!!!!!!!!!!!!!!!!!!!!!!!!!!!!!1lol imma donkey
LUNCHABLES!!!!!!!!!!!!!!!!!!!!!!!!!!!!!!!!!!!!!!!!!!!!!!!!!!!!!!!!!!!!!!1lol imma donkey
LUNCHABLES!!!!!!!!!!!!!!!!!!!!!!!!!!!!!!!!!!! !!!!!!!!!!!!!!!!!!!!!!!!!!!1lol imma donkey
LUNCHABLES!!!!!!!!!!!!!!!!!!!!!!!!!!!!!!!!!!!!!!!!!!!!!!!!!!!!!!!!!!!!!!1lol imma donkey
LUNCHABLES!!!!!!!!!!!!!!!!!!!!!!!!!!!!!!!!!!!!!!!!!!!!!!!!!!!!!!!!!!!!!!1lol imma donkey
LUNCHABLES!!!!!!!!!!!!!!!!!!! !!!!!!!!!!!!!!!!!!!!!!!!!!!!!!!!!!!!!!!!!!!1lol imma donkey
LUNCHABLES!!!!!!!!!!!!!!!!!!!!!!!!!!!!!!!!!!!!!!!!!!!!!!!!!!!!!!!!!!!!!!1lol imma donkey
LUNCHABLES!!!!!!!!!!!!!!!!!!!!!!!!!!!!!!!!!!!!!!!!!!!!!!!!!!!!!!!!!!!!!!1lol imma donkey
LUNCHABLES!!!!!!!!!!!!!!!!!!!!!!!!!!!!!!!!!!!!!!!!!!!!!!!!!!!!!!!!!!!!!!1lol imma donkey
LUNCHABLES!!!!!!!!!!!!!!!!!!!!!!!!!!!!!!!!!!!!!!!!!!!!!!!!!!!!!!!!!!!!!!1lol imma donkey
LUNCHABLES!!!!!!!!!!!!!!!!!!!!!!!!!!!!!!!!!!!!!!!!!!!!!!!!!!!!!!!!!!!!!!1lol imma donkey
LUNCHABLES!!!!!!!!!!!!!!!!!!!!!!!!!!!!!!!!!!!!!!!!!!!!!!!!!!!!!!!!!!!!!!1lol imma donkey
LUNCHABLES!!!!!!!!!!!!!!!!!!!!!!!!!!!!!!!!!!!!!!!!!!!!!!!!!!!!!!!!!!!!!!1lol imma donkey
LUNCHABLES!!!!!!!!!!!!!!!!!!!!!!!!!!!!!!!!!!!!!!!!!!!!!!!!!!!!!!!!!!!!!!1lol imma donkey
LUNCHABLES!!!!!!!!!!!!!!!!!!!!!!!!!!!!!!!!!!!!!!!!!!!!!!!!!!!!!!!!!!!!!!1lol imma donkey
LUNCHABLES!!!!!!!!!!!!!!!!!!!!!!!!!!!!!!!!!!!!!!!!!!!!!!!!!!!!!!!!!!!!!!1lol imma donkey
LUNCHABLES!!!!!!!!!!!!!!!!!!!!!!!!!!!!!!!!!!!!!!!!!!!!!!!!!!!!!!!!!!!!!!1lol imma donkey
LUNCHABLES!!!!!!!!!!!!!!!!!!!!!!!!!!!!!!!!!!!!!!!!!!!!!!!!!!!!!!!!!!!!!!1lol imma donkey
LUNCHABLES!!!!!!!!!!!!!!!!!!!!!!!!!!!! !!!!!!!!!!!!!!!!!!!!!!!!!!!!!!!!!!1lol imma donkey
LUNCHABLES!!!!!!!!!!!!!!!!!!!!!!!!!!!!!!!!!!!!!!!!!!!!!!!!!!!!!!!!!!!!!!1lol imma donkey
LUNCHABLES!!!!!!!!!!!!! !!!!!!!!!!!!!!!!!!!!!!!!!!!!!!! !!!!!!!!!!!!!!!!!!1lol imma donkey
LUNCHABLES!!!!!!!!!!!!!!!!!!!!!!!!!!!!!!!!!!!!!!!!!!!!!!!!!!!!!!!!!!!!!!1lol imma donkey
LUNCHABLES!!!!!!!!!!!!!!!!!!!!!!!!!!!!!!!!!!!!!!!!!!!!!!!!!!!!!!!!!!!!!!1lol imma donkey
LUNCHABLES!!!!!!!!!!!!!!!!!!!!!!!!!!!!!!!!!!!!!!!!!!!!!!!!!!!!!!!!!!!!!!1lol imma donkey
LUNCHABLES!!!!!!!!!!!!!!!!!!!!!!!!!!!!!!!!!!!!!!!!!!!!!!!!!!!!!!!!!!!!!!1lol imma donkey
LUNCHABLES!!!!!!!!!!!!!!!!!!!!!!!!!!!!!!!!!!!!!!!!!!!!!!!!!!!!!!!!!!!!!!1lol imma donkey
LUNCHABLES!!!!!!!!!!!!!!!!!!!!!!!!!!!!!!!!!!!!!!!!!!!!!!!!!!!!!!!!!!!!!!1lol imma donkey
LUNCHABLES!!!!!!!!!!!!!!!!!!!!!!!!!!!!!!!!!!!!!!!!!!!!!!!!!!!!!!!!!!!!!!1lol imma donkey
LUNCHABLES!!!!!!!!!!!!!!!!!!!!!!!!!!!!!!!!!!!!!!!!!!!!!!!!!!!!!!!!!!!!!!1lol imma donkey
LUNCHABLES!!!!!!!!!!!!!!!!!!!!!!!!!!!!!!!!!!!!!!!!!!!!!!!!!!!!!!!!!!!!!!1lol imma donkey
LUNCHABLES!!!!!!!!!!!!!!!!!!!!!!!!!!!!!!!!!!!!!!!!!!!!!!!!!!!!!!!!!!!!!!1lol imma donkey
LUNCHABLES!!!!!!!!!!!!!!!!!!!!!!!!!!!!!!!!!!!!!!!!!!!!!!!!!!!!!!!!!!!!!!1lol imma donkey
LUNCHABLES!!!!!!!!!!!!!!!!!!!!!!!!!!!!!!!!!!!!!!!!!!!!!!!!!!!!!!!!!!!!!!1lol imma donkey
LUNCHABLES!!!!!!!!!!!!!!!!!!!!!!!!!!!!!!!!!!!!!!!!!!!!!!!!!!!!!!!!!!!!!!1lol imma donkey
LUNCHABLES!!!!!!!!!!!!!!!!!!!!!!!!!!!!!!!!!!!!!!!!!!!!!!!!!!!!!!!!!!!!!!1lol imma donkey
LUNCHABLES!!!!!!!!!!!!!!!!!!!!!!!!!!!!!!!!!!!!!!!!!!!!!!!!!!!!!!!!!!!!!!1lol imma donkey
LUNCHABLES!!!!!!!!!!!!!!!!!!!!!!!!!!!!!!!!!!!!!!!!!!!!!!!!!!!!!!!!!!!!!!1lol imma donkey
LUNCHABLES!!!!!!!!!!!!!!!!!!!!!!!!!!!!!!!!!!!!!!!!!!!!!!!!!!!!!!!!!!!!!!1lol imma donkey
LUNCHABLES!!!!!!!!!!!!!!!!!!!!!!!!!!!!!!!!!!!!!!!!!!!!!!!!!!!!!!!!!!!!!!1lol imma donkey
LUNCHABLES!!!!!!!!!!!!!!!!!!!!!!!!!!!!!!!!!!!!!!!!!!!!!!!!!!!!!!!!!!!!!!1lol imma donkey
LUNCHABLES!!!!!!!!!!!!!!!!!!!!!!!!!!!!!!!!!!!!!!!!!!!!!!!!!!!!!!!!!!!!!!1lol imma donkey
LUNCHABLES!!!!!!!!!!!!!!!!!!!!!!!!!!!!!!!!!! !!!!!!!!!!!!!!!!!!!!!!!!!!!!1lol imma donkey
LUNCHABLES!!!!!!!!! !!!!!!!!!!!!!!!!!!!!!!!!!!!!!!!!!!!!!!!!!!!!!!!!!!!!!1lol imma donkey
LUNCHABLES!!!!!!!!!!!!!!!!!!!!!!!!!!!!!!!!!!!!!!!!!!!!!!!!!!!!!!!!!!!!!!1lol imma donkey
LUNCHABLES!!!!!!!!!!!!!!!!!!!!!!!!!!!!!!!!!!!!!!!!!!!!!!!!!!!!!!!!!!!!!!1lol imma donkey
LUNCHABLES!!!!!!!!!!!!!!!!!!!!!!!!!!!!!!!!!!!!!!!!!!!!!!!!!!!!!!!!!!!!!!1lol imma donkey
LUNCHABLES!!!!!!!!!!!!!!!!!!!!!!!!!!!!!!!!!!!!!!!!!!!!!!!!!!!!!!!!!!!!!!1lol imma donkey
LUNCHABLES!!!!!!!!!!!!!!!!!!!!!!!!!!!!!!!!!!!!",1,164
2498c779f14dfae8,fuck off you bastard who do you think you are judas this guy kieron richardson he should be fucking dead have you seen what he's done to that poor girl have you,1,32
f05c0f10fc8254c4,"What a rude and nasty human being you are, making people's lives a misery on Wikipedia. Go and die you piece of shit.",1,23
74bd6565c5c55524,"ITS TIME TO KICK THESE LEFTIST FOOLS OFF WIKIPEDIA 

ENOUGH OF THIS LEFT WING PROPAGANDA AND NONSENSE",1,17
3d4eaf72f069f950,"Respect is earned by respect 

That user IS a troll and a stalker. They are not respected and are close to being banned. Did you bother to read the inflammatory garbage that they write on wikipedia? Or are you just part of a troll posse?",1,45
ec1add9e6b0eaf66,"I want to apologize to all of the morons, imbeciles, and microcephalics on Wikipedia that I've insulted.  I know there's a lot of you out there and I can't possibly remember all of your names, but let me just say this: I love you and I accept you for who you are.",1,52
54b4fce9d69cbc01,"Kill six of my babies before they had a chance to breathe? 

You won't be getting away with this without the world hearing the real name of your dog, hideously hidden by your white washing.

How can you worship an incestuous rapist in this way?",1,45
fcd693485b8fdc93,"Stop butchering articles 

What a hack job you did of the Gorilla article.  Do you actually think it's an improvement?  I'll keep reverting until it gets through that thick skull of yours that your changes were totally unnecessary.  A separate page just for gorillas in popular culture?  What were you thinking?  That was a VERY stupid move.",1,57
4345f2853c01a9b3,"Hypocrisy

These are the very things you are doing. Mere accusations do not make you right trolls. Fail",1,18
63c08db42abdf932,"HEY ASSHOLE

why did you delete the new picture of John McCain? Do  you hate america? It was flattering as fuck. DID YOU NOT look at his eyes? GROW A PAIR and be emotinoal for a moment. 

SEND

oh wait i press 'save page' i guess huh? okay.

why dont you TELL ME mister WIKI PEDIA MASTER

get a life. and dont be so rude next time.",1,67
a731e83d98517e85,Hello asshole. Your mother might be a cross wiki vandal or even a cross country whore but I am not. You blocked me on a groundless basis only because your  asked you too. I have not done anything wrong in English wikipedia. But you will pay the price for your stupid action.,1,52
81371cf069856f3f,"""So a person of Pakistani or African decent can't be classed as English in your view? Or you think that all skinheads are racists - even the black ones? And you feel that blacks and asians are """"taking over"""", well you must read the wrong sort of newspapers if those are the views you hold. I know that you must be consumed with self-loathing at not being English, but hey, look on the bright side, you can just add it to the list of other things """"you people"""" spend your miserable lives whining about. Take care now!  

""",1,98
326f2b7604034d4d,". I am a stupid bitch for blocking this user, but that's just what bitches like me do",1,18
2c2a14cd62bacacc,"Hi ya buddy 
Look, don't be a butt humper.  Are you bendover buddies with Hale or something?  What the hell is wrong with mocking a piece of dog shit like that?",1,31
80b069b2c1e9e769,"""The definition of genre warrior is YOU. I am not """"warring"""" shit. I am adding sources for genres already existing. You are pushing your own opinion as fact. And I will destroy you if you continue to thwart me. """,1,40
75ff3995be349c87,"I wanted to vanish, I wanted to flee from the tom.mevlie image, let me go in peace and you will never hear from me or this stupid account ever again.",1,30
36caa818e690ac4e,"""

Other suck puppets
Salam, I guess these are the Suck puppets of our friends(Patchouli):(t-c) """,1,16
4d1ba7b5c96b4efa,"Hey you bitch 

When you deleted my page, I cried. You made an 18 year old cry.",1,17
ccf05c5d4b791836,"ur a faggot, fuck off and get a real job and stop fucking with my posts

8=======D",1,17
b76e9f17979d1f14,".

 i have just changed to Turkic again. i dont understand why everybody wants to share turkish history. and this guy called kansas the arm taker  is not  really an iranian , he  is an idiot  troll . we have lots of iranian wikipadian friends here,they dont like this stupid  provocateur  also. long live iranian turkish friendship and watch out the loser provocateurs who think they can troll around and write fake history. love and respect for real iranians",1,79
68efd5aee7c08d37,"Umm...

Can you pull your head out of your arse for a second and admit that the belief that Muhammad was foretold in the Bible is the very definition of pseudoarchaeology? It's only believed by a few to push their agenda. It's physically impossible. Its arguments fall flat. Get a grip",1,51
a980f867331cb168,"You're both morons.  David Levy, you're the ONLY person with a problem with the move, so I'm not sure what consensus you're referring to.  Scorpion, relatively popularity is meaningless.  They both have the same name.  Ergo, there should be a disambiguation page.  Since neither of you seems to have a clue, I'm not going to waste my time here anymore.  Good luck with your fan page, idiot.  And good luck with your fascism, Levy.",1,74
cbff6e8b7caa4802,"Lahiru Kannangara 

Getting really scared ? 
Lahiru Kannangara: Aerospace Student at CUNY, York college - spends his time harassing wikipedians and promoting Sri Lankan government propaganda.  Given final d sentence warning.

Now that we have uncloaked your identity..the world has become a nasty place hasn't it ?  If you don't cease and desist, you know the consequences very well.  We sure hope you don't won't to end up as sun soaked road kill. We know you are away from your college residence, so don't worry we are not stupid, but when you do come back we will have to do some whacking.  
Go ahead and attempt to get someone to block this account....  Ugly, smelly, bespectacled, d-w-e-e-b brown guy with uneven teeth riddled with bullets is no biggie in the big city...

Clock is ticking.

Grim Reaper",1,137
f7fc7a81568b1810,that whoever deletes shit from wikipedia had a small dick and is a loser which mother is a whore?!,1,19
e87218d38eb16700,TRY TALKING FOR YOURSELF INSTEAD OF REFERRING ME TO PLACES   HOW BOUT YOU READ THE MESSAGE I WROTE ON YOUR DADS COCK TELLING HIM HO SHIT IN BED YOUR MUM WAS,1,31
2a06326ec6fd4e81,Insult me once more and I swear you go down. Understand little coward?,1,13
60521326e2bbd0ad,"The Dirtball

What is your f-u-c-k-i-n-g problem, asswipe?  You are actually defending The Dirtball?  Well, it is my humble opinion that you are, in fact, a true dirtball!  Get a life, you lousy piece of toilet trash!",1,37
96908d36362e5cb5,"FUCK U CUNT!!!! 

LEAVE My STEPHEN THOMSON Page alone I was trying to get alot of information and u sit there on your cunt like ass saying that its too short Well Fuck OFF and tell the other users delete my page to FUCK OFF And leave the page ALONE",1,50
5dce09f62ebd7073,"to the idiot barek

you obviously are spending too much time vandalizing pages instead of watching news, reading news. here is one for you. http://online.wsj.com/article/SB10001424052702304765304577478431126161646.html?mod=googlenews_wsj

instead of vandalizing pages, why don't you go read it, huh? if you spent a little time just search for that guy's name, you will find plenty of news reports. i pity you, you seems to enjoy vandalizing pages instead of helping.",1,67
60f9782eba6706d0,"Re 

Fuck off you piece of shit. Do yourself a favor and kill yourself. The world doesn't need anymore freaks.",1,20
04f1b45c0380f70e,"And I believe you're being an arse, but hey, I cope....",1,11
d991b662947ca605,Quit vandalizing the George Bush page you stupid liberal.,1,9
8cc968809c0baade,"You Haven't a Clue 

You Haven't a clue what vandelism is so FUCK OFF!!!",1,14
c1e23ce6af66fa0e,A butt ugly fugly muthafucka like you should do the world a favor and just kill yourself already!,1,18
47f06447da579cb8,"""
Go rot in hell you evil liittle bastard. ''''''  """,1,11
b6dc4a0b62136ef6,that you are a homosexual who is very gay.,1,9
1cce601c140db849,"Playing god again==
But time the deletion nazi is a freako who actually believes in that shit. Here he is. User:Allen3. Ask yourself if you want wackos like this responsible for content on Wikipedia or in any way associated with the organisation.

This fuckup has namely deleted the article on one of the stars of ITVs Britannia High. He seems to be about what one can expect from the myopic fascists from the US running this pathetic site.

==",1,79
84ef69dc49e6eb19,"""

 WHAT?!?! 

""""damaging the hard work of others""""

I did nothing of the sort. Your user talk is open to anyone. i was just expressing my opinions.

Frickin idiot, gosh....""",1,30
ffb47123b2d82762,"""

Hey listen don't you ever!!!! Delete my edits ever again I'm annoyed because the WWE 2K15 a few of the roster have been confirmed and your stupid ass deletes what I write. just stop!!!! Please STOP!!!! You don't work 2k or WWE games so stop deleting other peoples shit if I get it wrong or others get it wrong let them they will get the hang of it eventually but don't stick your most ass in their and I'm gonna delete the """"please do not insert the roster"""" shit how do you not have it if has been confirmed!!!!! God your stupid.""",1,103
a51eb0d7a06db3ed,"SAD 

You are one sad fuck. Try to get out of the basement, there's sunshine up there.",1,17
998c08d8f12e6736,", your buttocks don't seem constructive to me.",1,8
6bf645aa1b5eec39,"please no profanity when u talk to me I am a very religious person, by the way my friend said fuck you",1,22
1c00347f901ac781,whatever dude.  you know nothing about MLS as proven by your idiotic contribution to the Whitecaps MLS page fiasco.  you didn't even follow your own rules when you undid my edits and did your own ... i had to fix them so it actually reflected what was on the impact website since you have your panties in a bunch about that being the only valid source of information.  if you want the page to have less information than what is out in the public sphere than that is on you ... i don't really care i was just trying to be helpful since the impact were being so lazy.  eventually they will update their page and you will see i was right about the numbers.173.165.207.241,1,125
579a22a2a56d0b65,"""
Rona was a bitch, but she's got pizzazz! Wait, why do we hate her again? Plus, she sent that decoy on a suicide mission! Or was that under Giles' orders?~Talk to me! """,1,34
ed75734705c3093b,"Oh look, it is shitface. 

Hey shitface. I just want to let you know, you still haven't apologized to me for vandalizing my page so i demand a damn apology RIGHT NOW! DO YOU HEAR?! I DEMAND A DAMN APOLOGY NOW SHITFACE! NOW!!!",1,43
6c491480caeae015,"My name is Vascoamaral, I am a clown, and I am Gay. I am an i.d.io.t who like to edit wikipedia and block some constructive users. jojojjo",1,27
022f3512ecd08560,FUCK YOU RORY. YOU ARE A CUMSLURPING COCKLOVER.,1,8
0020fd96ed3b8c8b,=Tony Sidaway is obviously a fistfuckee. He loves an arm up his ass.,1,13
23b2227da797d2cb,"You are a propagandist troll. If you don't provide evidence of the lie you just said remove your comment. I never said all wikipedians are fascists because, moron, I'm one of them.",1,32
ff12c0bbc3af0158,"I'm ganna give ya a day ta think about weather or not ya wanna deal wit me, and believe you me homie I know all bout harassment and I ain't ganna stop on this mutha fuckin syte, if i'm not unblocked at 3:00 I'm ganna hack your shyt, harras you and basicly just fuck you around, so think about it ok NiggeR?",1,62
5c52a8a08f9cbf41,">

 TWAT TWAT TWAT TWAT TWAT TWAT TWAT TWAT TWAT...CUNT =

 THIS USER IS GAY",1,15
a08609ab5928ab1f,""":::::: I got blocked for 30 minutes, you got blocked for more than days. You is lost. And I don't even know who the fuck are you.  It's a zero! 
""",1,31
dd6936a9d6e08688,"""
""""Silly""""?  Please read Wikipedia:No personal attacks.   """,1,8
52e698d435746c16,"You are a Putz just because you do not know about the Moss Bluff Strike Force does not mean its a hoax. You were probably never in the military and you write about military history, so I ask you who is the hoax.  Why dont you go write and article about a battle that you read about in a book that was written by a guy who wasn't close enough to smell the gun powder and then tell me what a hoax is. You are pathetic.",1,86
fabb5572558ab51b,"As it is now, this motherfucking asshole keeps revert warring without talk page discussion.",1,14
1e28e441eb7f2ea6,", Trevon Saquele Sterling Sloan is a gay fuck fag",1,10
db4a2959a5339c9c,"I will give you a clear answer. I have just to watch what the wikipedia admins are doing. I am looking specially to the justice of wikipedia and after this, if you are here, you will get your answer. You have showed by this to everyone, how knogledgeless, hopeless, jealous, shameless and stupid you are! (Tofaan-توفان)",1,56
cbc3b306b5f9b0d0,fuck you motherfucker.there i said it again bitch,1,8
15f524981f0212ae,"Why did you remove musical artist discography, not images?

Though most of musical artists CD, DVD images are permitted, why are B'z, Jun Shibata album covers removed? X Japan (see X Japan discography), Glay (see Glay discography) and Dir en grey (see Dir en grey discography) etc album covers are not removed. Why are they no problems? Fuck you!!",1,59
958281e33ba55b06,"do i look like i give a fuck, u are all sad fucks with nothing better to do

ban me, i dont give a shit",1,25
e464bf83a6e804e5,You reverted my work for no good reason.  You left a dishonest edit summary.  You deleted my post asking you why.  And then you dare to accuse me of not wishing to be polite?  Don't be such an idiot.  200.83.101.199,1,40
ceb8acee117db5d6,"are you dumb 

what the fuck are you talking about. don't do what again? expose the truth and then have someone delete my messages?",1,24
481bd6410f818d7a,"Thou shalt be ravished in thy buttocks. It is suren to be hurtin'! 

It is suren to be hurtin'!",1,19
65502d5fd7fec945,"You must be stuck on stupid Dmries. I'm not arguing about why I was blocked. I'm saying that ABC News has an opinion that the ad was an attack ad. It's not a reliable source because it is biased, and the no original research policy is a dumb policy. Why would you not want to see the actual ad for yourself? Oh, I know. We're all too stupid to figure out what the actual ad means. We need ABC to break it down for us. Save it. You have an agenda and you won't let anyone interfere with it. I feel sorry for any student who would get stuck in one of your classes. They probably end up dumber for the experience!",1,122
1d1e6609d9065a25,"""

 Shut up vs. fuck off 

So, you're telling me being told to shut up isn't a personal attack?  """"Fuck"""" is just a word like any other.   """,1,28
f88dde2de58e6c87,hate you and think you are too way too dam fat.I,1,11
79ba4dccd9a564f6,"Back off
Yeah I know you're in cahoots with linux nutcase and you like persecuting people. Stop pulling this persecution crap.",1,21
34b6e9f3a2950ca0,"Rodeo Song lyrics

Well it's 40 below and I don't give a fuck
Got a heater in my truck and I'm off to the rodeo
And it's allemande left and allemande right
Come on ya fuckin' dummy get your right step right
Get off the stage ya god damn goof, get off

piss me off, fuckin' jerk, get on my nerves

Well here comes Johnny with his pecker in his hand
He's a one ball man and he's off to the rodeo
And it's allemande left and allemande right
Come on ya fuckin' dummy get your right step right
Get off the stage ya god damn goof, get off

piss me off, fuckin' jerk, get on my nerves

Well it's 40 below and I aint got a truck
and I dont give a fuck cause I'm off to the rodeo
And it's allemande left and allemande right
Come on ya fuckin' dummy get your right step right
Get off the stage ya god damn goof, get off

piss me off, fuckin' jerk, get on my nerves

Well here comes Johnny with his pecker in his hand
He's a one ball man and he's off to the rodeo
And it's allemande left and allemande right
Come on ya fuckin' dummy get your right step right
Get off the stage ya god damn goof, get off

piss me off, fuckin' jerks, get on my nerves",1,233
9f8f5031dd220f03,"Zivan56 are you secret agent 001 of OZNA? You announce a lot of cazzate alias lies: stop it! In Italy live a lot of Albanians! You are communist, fanatic, liar, vandal of articles!",1,33
16ee69f062b8a7ed,"Stop being a dork 

Two can play play this stupid game.   (talk - contribs)",1,14
1da36a612d33559c,YOUR VERY DEEPLY OFFENDED! man you sound like a blow-jobbin' old lady. In fact you are a homosexual blow-jobbin' old lady!,1,21
966983aedceeacb5,I'm a fat pig.  Does that belong on Wikipedia?,1,9
9df6e193b6865375,"Jack and Jill 
Eric, thank you for your contribution, but I think the version I put up is more accurate and I have properly sourced it.  Please leave as is.  Thanks and keep on wiking!
 You may wish to check out Uncyclopedia. They welcome that sort of thing. '''''' (talk · contribs · email) 

I much prefer posting here than Uncyclopedia, especially since the version I put up is factually true.  Please stop censoring me, that's not very nice!

Now go fuck yourself, you nerd!",1,85
f666ab07bd12cb8d,"oh she also told me she likes it from behind AND up the ass with pink fuzzy handcuffs so she can't touch her own clit. then she lovesssss it when i pull it out and whipe a nice brown sanchez all over her face and make big brown circles around her eyes, which are also shit color.",1,57
b0e4d0c23fffc516,"I didn't Vandalize 

You are a serious dumbass. Any misspelled words or a bad comment on a usertalk page, you consider it vandalism. Seriously get a life Nerowhatever.",1,28
03088aacc4600323,"Fuck you faggot, I don't care if i get blocked, as long as everyone knows you are a dumb cunt.",1,20
6dfa66fef2e9516d,"Engineer 
You hope you don't design buildings, and if you do, please don't do it in Europe. Thank you.
PS: You are a moron.",1,24
967a50ad6ec2b46c,"Your a twat, you just delete things that you dont have a clue about! Che Finlay Will orientate your ass!! He'l find you!!",1,23
01687a0352f54754,even if we hate furfags and llolis and kid fuckers,1,10
cadc6359bf813e78,"The times couldn't know less about Tennessee politics. Qqqqqq, Olando, and Terrancee are all idiots too",1,16
2720218b68a5cf76,"hey dickwads. stop hijacking this wiki. these are the final days of ytmnd. they need to be documented. PS BY THE WAY, you're a fucking idiot for believing a wiki article as fact. do a whois lookup. fucking wikinazis. oopssorryguys.ytmnd.com/",1,40
b523c67051c92c84,"The articles concerned are approximately 90% rubbish. I have no intention of re-tagging them, let them stay on Wikipedia for all I care, they fit in rather nicely with all the other bullshit.",1,33
60ed4ba6ad3eda8f,"You are a faggit 
Get a life and lick my ball sack.",1,12
6af0d73c65b0c8d8,"get lost 

Stop following me Canadian loser. Go patrol something useful",1,11
5931b8e88c1caa1a,"I hate you 

How dare you delete my post. You better put it back or I am going to fuck you up",1,22
1c2da2e07251e45e,"Notrhbysouthbanof sucks cocks 
Notrhbysouthbanof sucks cocks 
Notrhbysouthbanof sucks cocks 
Notrhbysouthbanof sucks cocks 
Notrhbysouthbanof sucks cocks 
Notrhbysouthbanof sucks cocks 
Notrhbysouthbanof sucks cocks 
Notrhbysouthbanof sucks cocks 
Notrhbysouthbanof sucks cocks 
Notrhbysouthbanof sucks cocks 
Notrhbysouthbanof sucks cocks 
Notrhbysouthbanof sucks cocks 
Notrhbysouthbanof sucks cocks 
Notrhbysouthbanof sucks cocks 
Notrhbysouthbanof sucks cocks 
Notrhbysouthbanof sucks cocks 
Notrhbysouthbanof sucks cocks 
Notrhbysouthbanof sucks cocks 
Notrhbysouthbanof sucks cocks 
Notrhbysouthbanof sucks cocks 
Notrhbysouthbanof sucks cocks 
Notrhbysouthbanof sucks cocks 
Notrhbysouthbanof sucks cocks 
Notrhbysouthbanof sucks cocks 
Notrhbysouthbanof sucks cocks 
Notrhbysouthbanof sucks cocks 
Notrhbysouthbanof sucks cocks 
Notrhbysouthbanof sucks cocks 
Notrhbysouthbanof sucks cocks 
Notrhbysouthbanof sucks cocks 
Notrhbysouthbanof sucks cocks 
Notrhbysouthbanof sucks cocks 
Notrhbysouthbanof sucks cocks 
Notrhbysouthbanof sucks cocks 
Notrhbysouthbanof sucks cocks 
Notrhbysouthbanof sucks cocks 
Notrhbysouthbanof sucks cocks 
Notrhbysouthbanof sucks cocks 
Notrhbysouthbanof sucks cocks 
Notrhbysouthbanof sucks cocks 
Notrhbysouthbanof sucks cocks 
Notrhbysouthbanof sucks cocks 
Notrhbysouthbanof sucks cocks 
Notrhbysouthbanof sucks cocks 
Notrhbysouthbanof sucks cocks 
Notrhbysouthbanof sucks cocks 
Notrhbysouthbanof sucks cocks 
Notrhbysouthbanof sucks cocks 
Notrhbysouthbanof sucks cocks 
Notrhbysouthbanof sucks cocks 
Notrhbysouthbanof sucks cocks 
Notrhbysouthbanof sucks cocks 
Notrhbysouthbanof sucks cocks 
Notrhbysouthbanof sucks cocks 
Notrhbysouthbanof sucks cocks 
Notrhbysouthbanof sucks cocks 
Notrhbysouthbanof sucks cocks 

Anthony Bradbury sucks cock and eats shit, Notrhbysouthbanof sucks cocks 
Notrhbysouthbanof sucks cocks 
Notrhbysouthbanof sucks cocks 
Notrhbysouthbanof sucks cocks 
Notrhbysouthbanof sucks cocks 
Notrhbysouthbanof sucks cocks 
Notrhbysouthbanof sucks cocks 
Notrhbysouthbanof sucks cocks 
Notrhbysouthbanof sucks cocks 
Notrhbysouthbanof sucks cocks 
Notrhbysouthbanof sucks cocks 
Notrhbysouthbanof sucks cocks 
Notrhbysouthbanof sucks cocks 
Notrhbysouthbanof sucks cocks 
Notrhbysouthbanof sucks cocks 
Notrhbysouthbanof sucks cocks 
Notrhbysouthbanof sucks cocks 
Notrhbysouthbanof sucks cocks 
Notrhbysouthbanof sucks cocks 
Notrhbysouthbanof sucks cocks 

Anthony Bradbury sucks cock and eats shit, Notrhbysouthbanof sucks cocks 
Notrhbysouthbanof sucks cocks 
Notrhbysouthbanof sucks cocks 
Notrhbysouthbanof sucks cocks 
Notrhbysouthbanof sucks cocks 
Notrhbysouthbanof sucks cocks 
Notrhbysouthbanof sucks cocks 
Notrhbysouthbanof sucks cocks 
Notrhbysouthbanof sucks cocks 
Notrhbysouthbanof sucks cocks 
Notrhbysouthbanof sucks cocks 
Notrhbysouthbanof sucks cocks 
Notrhbysouthbanof sucks cocks 
Notrhbysouthbanof sucks cocks 
Notrhbysouthbanof sucks cocks 
Notrhbysouthbanof sucks cocks 
Notrhbysouthbanof sucks cocks 
Notrhbysouthbanof sucks cocks 
Notrhbysouthbanof sucks cocks 
Notrhbysouthbanof sucks cocks 

Anthony Bradbury sucks cock and eats shit, Notrhbysouthbanof sucks cocks 
Notrhbysouthbanof sucks cocks 
Notrhbysouthbanof sucks cocks 
Notrhbysouthbanof sucks cocks 
Notrhbysouthbanof sucks cocks 
Notrhbysouthbanof sucks cocks 
Notrhbysouthbanof sucks cocks 
Notrhbysouthbanof sucks cocks 
Notrhbysouthbanof sucks cocks 
Notrhbysouthbanof sucks cocks 
Notrhbysouthbanof sucks cocks 
Notrhbysouthbanof sucks cocks 
Notrhbysouthbanof sucks cocks 
Notrhbysouthbanof sucks cocks 
Notrhbysouthbanof sucks cocks 
Notrhbysouthbanof sucks cocks 
Notrhbysouthbanof sucks cocks 
Notrhbysouthbanof sucks cocks 
Notrhbysouthbanof sucks cocks 
Notrhbysouthbanof sucks cocks 

Anthony Bradbury sucks cock and eats shit, Notrhbysouthbanof sucks cocks 
Notrhbysouthbanof sucks cocks 
Notrhbysouthbanof sucks cocks 
Notrhbysouthbanof sucks cocks 
Notrhbysouthbanof sucks cocks 
Notrhbysouthbanof sucks cocks 
Notrhbysouthbanof sucks cocks 
Notrhbysouthbanof sucks cocks 
Notrhbysouthbanof sucks cocks 
Notrhbysouthbanof sucks cocks 
Notrhbysouthbanof sucks cocks 
Notrhbys",1,413
451310793f13b064,"Hell, no. I ain't serving the war, I was helping people, This is fucked up.",1,15
c386e1844b1a5387,"Wow. 

Omg okay so i just made this really long page and you deleted it. thanks, BIOTCHHHHH. geez. stop deleting my things or else i'll sue you, faaaagggggggg.  

stop deleting my things or i'll find you. and i'll kill you. kill. kill. kill .",1,44
cf92e01c53cb9208,"Junior Barranquilla?

WTF? where did you come up with that name? should we call REAL MADRID... ROYAL MADRID??????????????  pleasse revert!!! don't come up with that made up bullshit! Atlético Junior!!!76.19.149.244",1,30
3dfab6ee8a4e1db7,"""

Cocksucker, """"nonesens"""" is bullshit like artificial promotion of women to the extent of even inventing bullshit stories like some hollywood actress while playing four-handed piano thought of spread specturm technique, and then worked it out with an engineer!!!  my god, how stupid can some people be!""",1,47
b7f6692802236e0e,"What part of FUCK OFF don't you understand, youi mouth breathing pimply turd?  While you'll never bang a hot chick, you can be king of shit mountain, it that it?  I laugh at you.  You can erase and erase and erase.  It's people like you that's the reason this site isn;t making money.  Most people wouldn;t put up with your cliquey bullshit.  I, on the other hand, dont care, have plenty of time, and am all around a better person that you.  I'll bet dollars to donuts I have more money, more respect, a better job, a hotter wife and a better life.  I KNOW this is all you have.  HA, i laugh while you erase.",1,116
779aed53fa04aebd,please stop deleting my images u fat ugly cumputer geek looking at kiddie porn all night kiss my natural black ass fat bitch,1,23
1b440a47a297738f,"Lies, fucking lies, may you rot in hell for all of your lies and blasphemies.",1,15
ab578af26ddc123c,"Oi!!

Please do not remove me abusing other wikipedians dickhead!

Oi!!

Please do not remove me abusing other wikipedians dickhead!

Oi!!

Please do not remove me abusing other wikipedians dickhead!

Oi!!

Please do not remove me abusing other wikipedians dickhead!

Oi!!

Please do not remove me abusing other wikipedians dickhead!

Oi!!

Please do not remove me abusing other wikipedians dickhead!

Oi!!

Please do not remove me abusing other wikipedians dickhead!

Oi!!

Please do not remove me abusing other wikipedians dickhead!

Oi!!

Please do not remove me abusing other wikipedians dickhead!

Oi!!

Please do not remove me abusing other wikipedians dickhead!
Oi!!

Please do not remove me abusing other wikipedians dickhead!

Oi!!

Please do not remove me abusing other wikipedians dickhead!

Oi!!

Please do not remove me abusing other wikipedians dickhead!

Oi!!

Please do not remove me abusing other wikipedians dickhead!

Oi!!

Please do not remove me abusing other wikipedians dickhead!

Oi!!

Please do not remove me abusing other wikipedians dickhead!

Oi!!

Please do not remove me abusing other wikipedians dickhead!

Oi!!

Please do not remove me abusing other wikipedians dickhead!

Oi!!

Please do not remove me abusing other wikipedians dickhead!

Oi!!

Please do not remove me abusing other wikipedians dickhead!
Oi!!

Please do not remove me abusing other wikipedians dickhead!

Oi!!

Please do not remove me abusing other wikipedians dickhead!

Oi!!

Please do not remove me abusing other wikipedians dickhead!

Oi!!

Please do not remove me abusing other wikipedians dickhead!

Oi!!

Please do not remove me abusing other wikipedians dickhead!

Oi!!

Please do not remove me abusing other wikipedians dickhead!

Oi!!

Please do not remove me abusing other wikipedians dickhead!

Oi!!

Please do not remove me abusing other wikipedians dickhead!

Oi!!

Please do not remove me abusing other wikipedians dickhead!

Oi!!

Please do not remove me abusing other wikipedians dickhead!
Oi!!

Please do not remove me abusing other wikipedians dickhead!

Oi!!

Please do not remove me abusing other wikipedians dickhead!

Oi!!

Please do not remove me abusing other wikipedians dickhead!

Oi!!

Please do not remove me abusing other wikipedians dickhead!

Oi!!

Please do not remove me abusing other wikipedians dickhead!

Oi!!

Please do not remove me abusing other wikipedians dickhead!

Oi!!

Please do not remove me abusing other wikipedians dickhead!

Oi!!

Please do not remove me abusing other wikipedians dickhead!

Oi!!

Please do not remove me abusing other wikipedians dickhead!

Oi!!

Please do not remove me abusing other wikipedians dickhead!
Oi!!

Please do not remove me abusing other wikipedians dickhead!

Oi!!

Please do not remove me abusing other wikipedians dickhead!

Oi!!

Please do not remove me abusing other wikipedians dickhead!

Oi!!

Please do not remove me abusing other wikipedians dickhead!

Oi!!

Please do not remove me abusing other wikipedians dickhead!

Oi!!

Please do not remove me abusing other wikipedians dickhead!

Oi!!

Please do not remove me abusing other wikipedians dickhead!

Oi!!

Please do not remove me abusing other wikipedians dickhead!

Oi!!

Please do not remove me abusing other wikipedians dickhead!

Oi!!

Please do not remove me abusi",1,497
6f31617f31e0cfb2,"o feel sorry for you, fuck off you american bastard",1,10
5cba9cd8fbc78652,"""

ANSWER THE QUESTION INSTEAD OF MAKING EXCUSES! WHY WAS NO ACTION TAKEN TO THE USER WHO WROTE THIS: I'll take that one. """"Blah blah blah yammer yammer yammer propagandists blah blah blah yammer yammer yammer bullshit."""" Poor little, tiny conspiracy theorist. Mommy doesn't love him enough to give him attention. Feel free to """"silence"""" (conspiracy theorist talk for """"rightly make fun of"""") this latchkey kid as needed. 68.0.236.131 (talk) """,1,71
5bfef90878ed50c6,I added a new one from the 2009 tour but Wikipedia's gay copyright shit removed it.,1,16
5a7e8ceb029dea6d,"hey 

why must you be such a shithole? fuck off",1,10
fd3d00747e3eb9f8,"""
hmmmmm Some might call this Wikistalking and harrassment! I am sorry if you people want to hide the Gay side of some of your RW heros. Please read the article on Outing. As more and more RWs are shown to enjoy Gay sex, especially people who condemn Gay sex but practice it themselves, like Ted Haggard it will take away some of the bad stigma. Its time for all the RW Gay sex practicers to come out of the closets and admit how much they like Gay sex! (IMO) Theres that old saying  """"Try it, you'll like it!"""" Thats too true! Why do you think more and more people are trying Gay sex!? Its okay, (IMO) to have a wife and kids and enjoy some Gay sex now and then! (no Meth or poppers though!)  """"Try it, you'll like it!"""" Δbutler• """,1,143
5ffd5238aad3e57b,"Read 

What a piece of shit you are",1,8
899c7847276f2f8d,"You must be stupid 

I am referencing an act people in power will do to prevent someone from saying things that will show them for who they truly are.
It's not a death threat. You just want to look like a fucking victim. My god this is ridiculous.",1,48
cd162597d107aa84,"You do not own Misterioso, and you do not own me. Bye bye bully.",1,14
0fc49e5cfe469a2a,"""

 Leave it... Sector 06 Rourkela 

Dude..
I'm no more interested in editing... fuckkk offf """"You and Your Administrator Page""""...
Thanks..  """,1,22
bb0cab63b455fae3,"NONE OF THIS MP STUFF IS TRUE AND I HEARD TODAY ON REALLY GOOD AUTHORITY THAT MARSDEN HAS AN ATTORNEY IN NEW YORK DRAWING UP THE MOTHER OF ALL LAWSUITS AGAINST JIMBO, WIKIPEDIA SO YOU MIGHT WANT TO TAKE THIS MP SHIT AND OTHER SHIT DOWN ASAP.",1,47
b2f24891eda51893,"Bbb23 the cunt 

Bbb23 you are issued from a cunt family, you are a bitch. And hell is coming, and I'm coming with it ;)37.8.170.180",1,25
4efa858ca91d25f3,"yo 

wat u chng it for, kutcher is prick and world must knw the trooth. Ill change it againsmate,an then fuckin,ill be the winnar! Hahaha lol u gay",1,28
39c0c256e8df95ae,"Honesty, where the fuck is the Adeputs Mechanicus page, I typed Machine God in search and some crap that has nothing to do with Warhammer 40,000 turned up, honesty what the fuck, whoever is killing Warhammer 40,000 on wikipedia needs to die in the fire and if you don't like what I said, then you can join them as well, deal with it.(  )",1,64
0c5a912e6830c660,You piece of shit fucking block me then pussy... Go ahead I don't give a care if you are that of a fucking girly bitch! FUCK YOU Boing! Said Zebedee! What the fuck kind of user is that? Fucking mindless block addict retard,1,43
48642ba4cc134105,"I warnned you not to fuck with me Tony, and now looks whap happened!  This would have been a fuck of a lot easier on youe if you would have just let me comme back motherfucker Now you can join me as personae non gratae around here",1,47
910078a392ac64ee,hey bitch im trying to edit this page and u deleted it. u son of a bitch better put it back or im going to find u and kick your FAT ASS!,1,32
469200fa9128e500,"http://www.cnn.com/2009/CRIME/02/18/barracks.death/ There. Don't know how you mised this in the news. I don't know how to do any of this citation crap, either. I don't have enough time to spend all day chained to a computer learning haxx0ring or whatever it is you nerds do all day in your parent's basement. And it's notable because it happened on the base and is becoming quite a big scandal. This should be obvious on the surface, idiot.",1,75
b00ced343a0c5d8b,"Psycho ==

Why do you keep telling us that our page is being vandalized!!!??? It is our page! Can we do what we want? Nobody likes you! You are such a dickhead! You lesbian butch!

~~Colleen&Vanessa;

==",1,37
e1416bf0b4bbfd24,"I Want You 

I wanna rape you good. I want your sexy body and sexually abuse you!",1,17
4143fbacd89b2986,"You are one fatass nerd. Fuck you, I'm putting the twitter and youtube refs there anyways. I really don't give a fuck about the policy that YOU follow, I don't know how you expect me to find that shit anywhere else. Use your fucking brain. Oh, and stop undoing the changes I made by hitting the god damn undo button everytime I do something. Fucking cockmuncher",1,66
43cebe6cb333e734,PENIS VAGINA YOU SUCK FAGGOT ASSHOLES AT WIKIPEDIA,1,8
4a8752836cbb8ee0,"""

 retARdED 
i was wondering how long it would take your faggot ass to stalk me
finally after a few months you get it, well, i guess ill blank my user page and create a new account, since you have to be a little bitch
ive done so many constructive edits then an anon (which is probably you) runs through and reverts a deletion which is perfectly fine and not vandalism, you run to his rescue. go home, little girl. burgz33 is unblocked october 1st anyway, so ha!  """,1,89
5154c3f8c49a531b,"Hi Motherfucker Zhanzhao, are you a slant-eyed chink or a blackie indian or both? 

Says the above. Answer my question, Fucker. 218.186.12.250",1,22
ba67aea28f1a9d5a,"i don't give a shit!==

you people are a bunch of dictators. eat shit.

==",1,15
66c7ad15b405ef2b,"retard 

are you mentally retarded user:ugugugugugugug is my own account you absolute jibbering fool",1,14
0af8e43476845e56,"Phil Kessel 

1. The name is sourced
2. Does not violate BLP
3. You're an idiot.

74.216.78.244",1,17
95ef75f427acf65b,"Get a life brotha==
fick me looking at sum of the shit u been doin. are you queer cunt or what?

and i quote

As I'm currently away from my home ADSL network, I'll be limited since I'm now using a bandwith limited mobile limited connection. I hope to be back when the issue is fixed.

if that dont scream a fucking wanker i don't know what does.

==",1,69
799e117a87dec3be,"GAY SEX,  ANAL, ALL NIGHT 

Why are you reverting me? SPUI saya on his talk page that he doesn't want modifications to his talk page reverted. Pull your head out of your ass.",1,33
85c0c3ce1efb9252,"Let's see her tits 

LOL - I HAVE NO PENIS",1,10
a2562a80cb721a7b,"your a cunt Chovain, suck it ya minge",1,8
9487e0f1b91d0d90,"Ban this Jerk
Someone needs to ban this jerk for deleting articles before we can even get them off the ground.",1,21
182050607022d1ed,"ill keep changing and fucking around, ebcause oyure a 16 yo pimply fuck.",1,13
00dc0760994133ff,"Fuck you 

-User:The Bohemian Shinobis yeah, that's right, bitch! You are all pieces of shit!",1,15
10293437c5ca3b12,"Dude you crazy! 

Dude, you are totally not cool.  Why did you leave me that message on Resume?  I totally fixed it.  I don't know what's up you gluteus maximus.  Dog, you need to cool off your jets in a salon.  Get a pedicure and don't be so upset when a brotha is just trying to have a good time.  If you want to go on a date with me just leave me your number on my user talk page.  Peace",1,81
17d2a1d2147f897f,"you are queer as volk 

you are gay man. oh no the wikipedia police are coming to get me!!!!!!you are the only gay in  the village",1,26
703b4ea98127e95d,"Race 
Hey. I'm writing from Imperial College, UK. The talk page is locked. Now the article is locked. Is that how you people collaborate? You ever had a kick in the ass? We can trace you! See you later!
Blood is red and blood is beautiful. The cross is not a meaningless symbol.",1,53
ed9e425b405d254d,Dedicate time? go ahead delete the stupid thing. You guys on here don't do that great of a job on here anyway. i will call whoever i want a fat cow,1,31
8b26daa7788361a7,"I bet you suck a LOT of cock 

And you obviously like to work for free, so I bet you suck for free too.",1,24
c530ff93bcc45cd1,"wateva minga mc donalds worker
u r a fuckin paedofile
leave ant and dec alone 
just cause ur not famous
u fuckin ugly bitch fuck ur hole family",1,28
d7ae29b5af48fdcd,. This encyclopedia is stained with Satan hypocrisy and bias. Massive anti-truth filter,1,13
c6cc8c90c8a5e077,",
BILLCJ's Mom, she's a big fat, fucking bitch
Big old fat fuckin' bitch, BILLCJ's Mommmmmmmmmmm
Yeahhhhh, Chaaaaa",1,18
429787c403a871af,"Oh come on you fuckturd! I hated Season 4 so goshdamn much it's days like January 19, 2004, when I wish I couldd just bloody stab that idiotic petty little sponge with a butcher knife! 71.64.6.46",1,36
6b8ac60d2bf2f408,"Gross 

If some bitch ever came on me I would throw her gross ass out on the pavement",1,18
3015d850b3e96095,"bring it 

hello tommy remember me? im back asshole",1,9
226f59dfdf20b05d,"""

report me all you want. to call that """"vandalism"""" is idiocy to begin with. whether it's policy or not, you're an idiot for looking for those types of things. I'm sure wikipedia is a much better place because of that (note: sarcasm). ban away!""",1,45
88bd12303d30b83d,"What's a guy got to do to get a real ban, anyway?  Also, that last comment didn't even make sense.  This is annoying, surely, but not a personal attack, you fucking child molester.",1,33
df6e23192e53e200,"Hi 

Hey Benon, get a real job. Leave me the hell alone dammit.Stop blocking me. Don't fuck with me. If you have a problem please get at me.",1,28
6f85e3180440a535,"Be nice and don't be a dick, or I will kick your ass.",1,13
3e58569ec28d3822,"""
No, you utter RETARD! HISPANIC MEANS FROM SPAIN! Mexicans are not hispanic, only idiot, uneducated yanks call them that since they are retards who can't tell the difference between the White people from Spain and the Red people of Mexico! Mexicans and Indians (whoo-hoo feather natives) like Apache, Sioux and other former scalping savages from the Lone Ranger era are the same race!!!! They got CONQUERED BY WHITE SPANIARDS aka TRUE HISPANICS and that is the reason non-White, RED Mexicans are HISPANOPHONES, they're not Hispanics (FROM SPAIN IS THE TRUE DEFINITION OF HISPANIC!!), they are Mayans or Aztecs or whatever tribe. The native people of Spain, are White! 

Maybe, since retarded yanks can't grasp these FACTS, them Mexicans ought to be shamed for their defeated, loser past so they can quit speaking  the EUROPEAN SPANISH language and go back to speaking Aztec, that way you imbeciles will quit calling these NON-SPANIARDS, NON-WHITES """"Hispanics"""" or """"Latino"""" and call them what they are, Red indigenous native Americans. That way you will learn the DIFFERENCE. Pendejos gringos!

It's about time! Blacks are no longer called Negroes, it's now an insult to call Asians Orientals (even though Taj Mahal Indians are also Asians, duh!!!) so quit calling Mexicans """"Hispanic"""" or we will start calling you yanks English or British! """,1,217
8227ea683684ed20,"Please get AIDS 

Seriously get something terminal so you will finally get an opportunity to realise what a pathetic life you have.

Your complete inability to be constructive is enough to warrant my bile.

I hate you so much and feel sad too that something like you can make feel this way.

A true honor. 82.132.226.149",1,56
0a8ff5b15e5089c2,i'll hook your mom you motherfucker. yeah suck my balls and slurp my come. bitch.,1,15
4862e6d395b6ab24,"You don't scare me Chris. Face it, I'm evil, and you are nothing but trash and that is what you will be for the rest of your life!   Infonerd2216",1,29
bc13a27d27894bd4,"Suitcivil133 is a little bitch. he is a bandwagon barcelona fan who needs to be put in his place, fuck that fagget.",1,22
0afe5ebb355dcd84,"""

 WIKIPEDIA IS A COMMIE SITE< AND CENSORS ALL NEGATIVE OBAMA POSTS!! 

HEY BUDDY< DO YOU LIKE WATCHING A SITE FOR BAD POSTS??? DON""""T YOU HAVE  A GIRLFRIEND??? YOU ARE PATHETIC!!!!!!!""",1,31
