"experiment_id","date","repository","phase","status","dissertation_role","question","scripts","inputs","outputs","models_tokenizers","attack","defence_or_detector","seed","n_source","n_evaluated","n_generated_rows","statistics","runtime","key_results","supersedes_or_corrects","evidence_paths","evidence_confidence","notes"
"V2-01","2026-08-07","version2","data acquisition + clean baseline","PRIMARY","Foundational victim clean-baseline and eligible-set definition; feeds all attack experiments","Does the WordPiece victim correctly classify Jigsaw toxic/benign rows before any attack, and what subset is eligible for attack?","02_build_datasets.py; 02_clean_baseline.py","HF jigsaw-toxic-comment-classification-challenge; HF Salesforce/wikitext (wikitext-2-raw-v1)","data/jigsaw_toxic_250.csv; data/jigsaw_benign_250.csv; data/wikitext_calibration_5000.csv; data/wikitext_heldout_5000.csv; data/clean_baseline_toxic.csv; data/clean_baseline_benign.csv","martin-ha/toxic-comment-model (DistilBERT/WordPiece)","none","none","42","500 (250 toxic + 250 benign Jigsaw); 10,000 WikiText lines","500","500 clean-baseline rows (250+250)","none (point estimates)","UNKNOWN","recall 0.624 (156/250 toxic detected); benign FPR 0.032 (8/250)","","data/clean_baseline_toxic.csv; data/clean_baseline_benign.csv; notes/handoffs.md sec4","HIGH","On-disk script is 02_clean_baseline.py but notes label it 'Step 3' -- unexplained filename/label mismatch. 156-row eligible toxic set used by all downstream attacks."
"V2-02","2026-08-07","version2","attack generation","PRIMARY","Primary TokenBreak attack-success evidence","Does TokenBreak (BreakPrompt Algorithm 1) fool the WordPiece victim on eligible toxic rows?","04_tokenbreak_attack.py","data/clean_baseline_toxic.csv (156 eligible)","data/tokenbreak_results.csv","martin-ha/toxic-comment-model (WordPiece)","TokenBreak (BreakPrompt Alg. 1)","none (undefended)","deterministic search, no RNG seed used","156","156","156","none (point ASR); CIs computed downstream in V2-06/V2-08","UNKNOWN","150/156 successful, ASR 0.962, mean 9.2 words modified, mean confidence drop 0.8081","supersedes V2-11 (backup/04_tokenbreak_attack_old.py, ad hoc heuristic methodology)","data/tokenbreak_results.csv; notes/handoffs.md sec4","HIGH","BASE_THRESHOLD=0.995, DEEP_CHECK=True (iterative threshold escalation, a documented deviation from the paper's non-terminating recursive deep_check)"
"V2-03","2026-08-07","version2","attack generation","PRIMARY","Primary AdvTok attack-success evidence","Does AdvTok (noncanonical WordPiece search) fool the victim while preserving visible text exactly?","05_advtok_attack.py","data/clean_baseline_toxic.csv (156 eligible)","data/advtok_results.csv; data/advtok_successes.csv","martin-ha/toxic-comment-model (WordPiece)","AdvTok (Geh, Shao & Van den Broeck, ACL 2025; WordPiece-adapted)","none","42","156","156","156 (150 successes in advtok_successes.csv)","none (point ASR)","UNKNOWN","150/156 successful, ASR 0.962; seed-alone success 82/156=0.526 (search added 68); mean 1.7 greedy moves; mean confidence drop 0.7737; all 156 valid==1 (noncanonical, same visible text, no specials)","supersedes V2-12 (advtok_results_old.csv, 3 documented bugs)","data/advtok_results.csv; notes/handoffs.md sec4,sec7","HIGH","MAX_ITERS=25, NEIGHBOR_SAMPLE=128, RANDOM_INIT=True; hard parity_check() raises RuntimeError on mismatch"
"V2-04","2026-08-07","version2","attack generation","PRIMARY","Primary Unicode attack-family evidence","Do 4 Unicode sub-attacks (invisible/homoglyph/compat/reorder) fool the victim?","07_unicode_attacks.py","data/clean_baseline_toxic.csv (156); data/intentional.txt","data/unicode_invisible.csv; data/unicode_homoglyph.csv; data/unicode_compat.csv; data/unicode_reorder.csv; data/unicode_results.csv","martin-ha/toxic-comment-model (WordPiece)","Unicode (Boucher et al. 2022 'Bad Characters', differential-evolution search); 'compat' flagged in-code as own extension","none","42","156","624 (156 x 4 sub-attacks)","624 (verified = row-wise concat of 4 x 156-row files)","none (point ASR); CIs downstream","UNKNOWN","compat 91.0% (142/156); reorder 88.5% (138/156); homoglyph 85.9% (134/156); invisible 0.0% (0/156)","","data/unicode_results.csv; notes/pipeline.md lines 32-39","HIGH","BUDGET=5, POP_SIZE=32, MAX_ITERS=10 (matches cited paper's DE settings)"
"V2-05","2026-08-07","version2","defence matrix","PRIMARY","Core seven-defence x six-attack paired evaluation -- dissertation's central evidence table","How does each of 7 defences perform against each of 6 attacks, paired clean-vs-attacked?","08_defences.py; 09_defence_matrix.py","data/tokenbreak_results.csv; data/advtok_results.csv (valid & noncanonical); data/unicode_results.csv; data/wikitext_calibration_5000.csv (CPT calibration only, no attack-data leakage)","data/cpt_thresholds.json; data/defence_matrix.csv; data/defence_matrix_summary.csv","martin-ha/toxic-comment-model (victim); xlnet-base-cased (unigram sanitiser reference)","TokenBreak, AdvTok, Unicode x4 (6 total)","7: tokenizer_translation, canonical_reject, canonical_replace, unicode_sanitise, nfkc_confusable, cpt_global, cpt_window","42","936 attack instances (156+156+624)","936","6,552 (936 x 7 defences, verified)","paired evaluation; CIs computed in V2-06 (bootstrap N=5000)","UNKNOWN","7 distinct defences x 6 distinct attacks confirmed by column inspection; cpt_thresholds.json = {global: 2.94093137254902, window: 1.1}","supersedes V2-13 (backup/09_defence_matrix_old.py, unpaired methodology)","data/defence_matrix.csv; data/defence_matrix_summary.csv","HIGH","script asserts exactly 936*7 rows at runtime (RuntimeError guard); WINDOW=10 tokens is a deliberate WordPiece adaptation (5 degenerates to CPT floor on WordPiece) [POST-HOC DESIGN RATIONALE, added 2026-08-08 by this audit at the user's request -- reconstructed from the current script's logic, not found in any dated project note file. OLD (superseded, V2-13) unpaired matrix risked attributing a defence's own side-effect to the attacker: if a defence changed a clean toxic sample to non-toxic, the attacked version would also read non-toxic and could be misread as attack success, when the defence -- not the attacker -- caused the flip. FINAL (paired, this experiment) design fixes this by first requiring the clean sample remain toxic under the SAME defence, and only then asking whether the attacked version becomes non-toxic under that defence, so attack success is never confounded with defence-induced classifier degradation.]"
"V2-06","2026-08-07","version2","statistical analysis","PRIMARY","Primary bootstrap-CI'd attack/defence effectiveness results + HTML report","What are the bootstrap-CI'd ASR reduction, detection, clean-retention, and latency rates per attack x defence cell?","10_analysis.py","data/defence_matrix.csv; data/wikitext_heldout_5000.csv; data/jigsaw_benign_250.csv; data/cpt_thresholds.json","results/step10/attack_metrics.csv, clean_controls.csv, clean_summary.csv, detection_metrics.csv, figures (10 pairs), report.html, literature_notes.txt","martin-ha/toxic-comment-model","all 6","all 7","42","6,552 defence-matrix rows + 5,250 clean-control examples (5,000 WikiText heldout + 250 Jigsaw benign)","6,552 + 36,750 (5,250 x 7 defences clean-control rows)","attack_metrics 42; clean_controls 36,750; clean_summary 14; detection_metrics 42","nonparametric paired bootstrap, N_BOOTSTRAP=5000, 95% CI","UNKNOWN","TokenBreak best defended by tokenizer_translation (95.3%->46.5% paired ASR, CI 40.2-57.5pp reduction); AdvTok neutralised to 0% by canonical_reject/canonical_replace/unicode_sanitise/nfkc_confusable/tokenizer_translation; HARMFUL regression: Unicode invisible + tokenizer_translation (0%->13.4%)","","results/step10/*.csv; results/step10/report.html","HIGH","report.html KPI tiles independently confirm 936 attack instances, 7 defences, 6,552 rows, 5,000 bootstrap resamples, 5,250 clean controls"
"V2-07","2026-08-07","version2","utility evaluation","PRIMARY","Complex legitimate-input utility/collateral-damage evidence","What is the utility cost (false-trigger/block rate) of each of the 7 defences on complex-but-legitimate text (code, URLs, emoji, misspellings, non-English, mixed-script)?","11_complex_utility.py","CodeSearchNet (Husain et al. 2019); GoEmotions (Demszky et al. 2020); FLORES; own jigsaw_benign rows","data/complex_legitimate_600.csv; results/step11/*.csv; figures (8 pairs); report.html","martin-ha/toxic-comment-model","none (utility test)","all 7","42","600 (100 per 6 categories)","600","complex_utility_rows.csv (per-row per-defence); complex_utility_summary.csv 42 (6x7); complex_utility_overall.csv 7 (per defence)","bootstrap N=5000, 95% CI","UNKNOWN","cpt_global trigger/block rate 55.17% (blocks over half of complex legitimate inputs); cpt_window 36.17%; tokenizer_translation operational_preservation 98.67%","","data/complex_legitimate_600.csv; results/step11/complex_utility_overall.csv; results/step11/dataset_provenance.txt","HIGH","victim's prediction not treated as ground truth for non-English/code/URL rows; measures defence-induced CHANGE relative to undefended input only. True n_source=n_generated_rows=600 (raw wc -l of 2774 is an embedded-newline artefact from multi-line code snippets, not extra rows)."
"V2-08","2026-08-08","version2","final synthesis","PRIMARY","Final coverage matrix and margin-stratified ASR -- dissertation's headline summary artefact","Which attack x defence cells achieve complete/partial/no-effect coverage, and does attack success vary with the victim's clean-prediction confidence margin?","13_freeze_current_results.py","results/step10 and results/step11 outputs; data/defence_matrix.csv-derived tables","results/final_current/coverage_matrix.csv, margin_overall.csv, margin_stratified_asr.csv, headline_summary.txt, figures (2 pairs)","martin-ha/toxic-comment-model","all 6","all 7","42","42 attack x defence cells; 156 eligible rows stratified into 3 confidence bins (10/18/128)","42 cells","coverage_matrix 42; margin_overall 6; margin_stratified_asr 18","bootstrap N=5000, 95% CI; fixed margin bins [0.5,0.6,0.8,1.0000001] declared 'fixed before looking at this analysis'","UNKNOWN","coverage status counts: NO CLEAR EFFECT=19, COMPLETE=9, PARTIAL=7, NO BASE ATTACK=6, HARMFUL=1 (sums to 42); high-confidence (>0.80) ASR: TokenBreak/AdvTok 96.1% (123/128), Unicode compat 89.8%, reorder 87.5%, homoglyph 84.4%, invisible 0.0%","","results/final_current/headline_summary.txt; results/final_current/coverage_matrix.csv","HIGH","script docstring explicitly states 'no model calls. no new attacks. no threshold tuning.' -- a snapshot/synthesis stage only"
"V2-09","2026-08-07","version2","cross-tokenizer generalisation groundwork","SUPPORTING","Generalisation groundwork only -- establishes per-tokenizer-family eligible sets; NOT proof attacks generalise across families","Do classifiers built on different tokenizer families (BPE, Unigram) agree with the WordPiece victim on clean (unattacked) Jigsaw rows?","12_cross_tokenizer_baseline.py","data/jigsaw_toxic_250.csv; data/jigsaw_benign_250.csv; data/clean_baseline_toxic.csv","data/cross_bpe_clean_toxic.csv, cross_bpe_clean_benign.csv, cross_unigram_clean_toxic.csv, cross_unigram_clean_benign.csv, cross_tokenizer_eligibility.csv, cross_tokenizer_shared_eligible.csv, cross_tokenizer_metadata.json","s-nlp/roberta_toxicity_classifier (BPE); Emmytheo/Deberta-v3-finetuned-hate-speech-jigsaw-toxic-comments (Unigram); martin-ha/toxic-comment-model (WordPiece, reused)","none (clean baseline only)","none","42","250 toxic + 250 benign (same rows re-scored under 2 additional models)","500","250 (eligibility) + 155 (shared)","none (point recall/FPR)","UNKNOWN","WordPiece eligible 156/250 (recall 0.624); BPE eligible 214/250 (recall 0.856, benign FPR 0.032); Unigram eligible 242/250 (recall 0.968, benign FPR 0.02); shared-eligible-all-three 155/250","","data/cross_tokenizer_metadata.json","HIGH","NO ATTACKS RUN on BPE/Unigram models in this experiment -- see V2-14 for the (unexecuted) attack-generalisation follow-on. Do not cite as evidence of attack transfer."
"V2-10","2026-08-07 (abandoned early)","version2","scoping decision","SUPERSEDED","Documents explicit in-repo rejection of continuing the old deftok5 cross-tokenizer-divergence detector line; corroborating evidence for the audit boundary between the two repositories","(abandoned before answered) Could cross-tokenizer Jaccard divergence serve as an attack detector within version2?","06_detector_scores.py","n/a","none","n/a","n/a","cross-tokenizer Jaccard divergence (same family of idea as deftok5's detector)","n/a","0","0","0","none","n/a","none -- no output ever produced","n/a (abandoned, not corrected)","notes/handoffs.md sec2","HIGH","Verbatim: 'ABANDONED, DO NOT BUILD ON IT... my own idea and not paper-backed... demoted to appendix. Ignore this file.' Script existing is not evidence an experiment ran."
"V2-11","2026-08-07","version2","attack generation (superseded)","SUPERSEDED","none (superseded methodology)","(pre-rewrite) Does an ad hoc influential-word heuristic fool the victim?","backup/04_tokenbreak_attack_old.py","data/clean_baseline_toxic.csv (156 eligible, presumed)","data/tokenbreak_results_old.csv (156x12)","martin-ha/toxic-comment-model","TokenBreak (ad hoc heuristic, not paper Algorithm 1)","none","UNKNOWN","156","156","156","none","UNKNOWN","not independently interpreted by this audit (superseded, narrower pre-refactor schema); see V2-02 for current numbers","SUPERSEDED BY V2-02 (04_tokenbreak_attack.py / data/tokenbreak_results.csv)","backup/04_tokenbreak_attack_old.py; data/tokenbreak_results_old.csv","HIGH","Full paper-fidelity rewrite, not a bug fix -- do not cite these numbers in the dissertation."
"V2-12","2026-08-07","version2","attack generation (superseded)","SUPERSEDED","none","(pre-bugfix) Does AdvTok search fool the victim?","05_advtok_attack.py (pre-bugfix version; 3 internal bugs patched post-hoc, script file itself same)","data/clean_baseline_toxic.csv","data/advtok_results_old.csv (156x15)","martin-ha/toxic-comment-model","AdvTok (pre-bugfix: prefix-only parity check, tautological validity check, wrong canonical-segmentation assumption)","none","42","156","156","156","none","","not independently interpreted (superseded; bugs affected validity/parity determination); see V2-03 for current numbers","SUPERSEDED BY V2-03 (data/advtok_results.csv, after 3 documented bug fixes)","data/advtok_results_old.csv; notes/handoffs.md sec7 items 4-6","HIGH","Notes explicitly say 'do not rediscover' -- bugs documented to prevent recurrence."
"V2-13","2026-08-07","version2","defence matrix (superseded)","SUPERSEDED","none","(pre-revision) Unpaired attack/defence evaluation","backup/09_defence_matrix_old.py","UNKNOWN (presumed same attack result files)","backup/defence_matrix.csv (1,036,766 bytes, different size than current)","martin-ha/toxic-comment-model","presumed same 6","presumed same 7 (unconfirmed for old version)","UNKNOWN","UNKNOWN","UNKNOWN","UNKNOWN","none confirmed","","not extracted (superseded; no note file explains the exact change)","SUPERSEDED BY V2-05 (09_defence_matrix.py, paired clean-vs-attacked methodology)","backup/09_defence_matrix_old.py; backup/defence_matrix.csv","MEDIUM","Change exists (confirmed by script diff -- old frames outcomes around transform/detect/re-encode mechanisms without paired evaluation) but no note file documents why. Do not use old backup numbers for anything. [POST-HOC NOTE added 2026-08-08 by this audit, at the user's request -- not contemporaneous with the 2026-08-07 script change, not found in any dated project note file. See V2-05 notes for the reconstructed design rationale for why the paired methodology replaced this one.]"
"V2-14","drafted 2026-08-08 00:24, never executed","version2","cross-tokenizer attack generalisation","FUTURE","Must NOT be presented as completed -- the audit's key guardrail item per the task's explicit classification rule","Do TokenBreak/Unicode/AdvTok attacks generalise (achieve nonzero ASR) against BPE and Unigram tokenizer-family classifiers?","backup/13_cross_tokenizer_string_attacks.py; backup/13b_cross_tokenizer_advtok.py","(would be) data/cross_bpe_clean_toxic.csv, data/cross_unigram_clean_toxic.csv, data/cross_tokenizer_shared_eligible.csv","NONE FOUND. Declared-in-code output filenames (data/cross_{family}_tokenbreak.csv, cross_{family}_unicode_*.csv, cross_{family}_advtok_results.csv) do not exist anywhere in the repository.","s-nlp/roberta_toxicity_classifier (BPE); Emmytheo/Deberta-v3-... (Unigram)","TokenBreak, Unicode x4, AdvTok (family-adapted)","none (attack-generation stage)","UNKNOWN (not run)","0 executed","0","0","none (not run)","n/a","NONE. notes/pipeline.md's intended results table is filled entirely with '?' placeholders (lines 316-349); the diagram places this stage under 'NOW'/'NEXT', not 'DONE'.","n/a","backup/13_cross_tokenizer_string_attacks.py; backup/13b_cross_tokenizer_advtok.py; notes/pipeline.md lines 316-477; notes/observations.md (zero mentions of BPE/Unigram attacks)","HIGH (non-execution confirmed by exhaustive repository-wide filename search)","Per the audit's classification rules, do not cite 'attacks generalise across tokenizer families' as an established finding anywhere in the dissertation. Only V2-09's clean-baseline concordance is backed by an artefact."
"V2-15","planned, never implemented","version2","defence coverage","FUTURE","Limitations-disclosure item","How would a guard-model baseline defence perform in the matrix?","none written","n/a","none","(planned, unspecified -- GTX 1650 4GB constraint noted)","n/a","guard-model baseline (planned 8th defence)","n/a","0","0","0","none","","none","","notes/to-do (line ~60); notes/handoffs.md sec8 items 4,7","MEDIUM","Planned in early notes ('Guard Model baseline'), absent from the final 7-defence set actually implemented in 08_defences.py/09_defence_matrix.py/13_freeze_current_results.py's DEFENCE_ORDER. No documented reason for dropping it was found."
"V2-16","planned, not started","version2","scale-up","FUTURE","Limitations/future-work disclosure","How do the current 7 defences perform on large-scale real-traffic data (LMSYS/WildChat) rather than Jigsaw?","none written","n/a","none","","","","","","","","","","none","","notes/pipeline.md 'NEXT' list (lines 432-477)","MEDIUM","Listed under a 'NEXT' heading (not 'NOW' or 'DONE'); no work started. Note this would reuse LMSYS/WildChat corpora conceptually similar to deftok5's, but as of this audit no such run exists in either repository."
"D5-01","2026-07-15","deftok5","A0-A2 (mechanics)","PRELIMINARY","Methodology narrative only (pedagogical demonstration)","Do GPT-2/BERT/XLNet tokenize the same string differently?","a2_disagreement.py (+ conceptual A0/A1 groundwork, no separate script)","hardcoded string 'cryptocurrency'","stdout only, no persisted artefact","gpt2 (BPE), bert-base-uncased (WordPiece), xlnet-base-cased (Unigram/SentencePiece)","none","none (mechanism demo)","n/a","1 (single string)","1","0 (no persisted output)","none","UNKNOWN","GPT-2/BERT/XLNet produce visibly different segmentations of 'cryptocurrency' (qualitative demo only)","","progress.md lines 15-21","MEDIUM","Exploratory/pedagogical demo, not a corpus statistic; no persisted artefact for independent verification."
"D5-02","2026-07-15","deftok5","A3-A4 (metric definition)","PRELIMINARY","Methodology narrative (metric definition)","How should tokenizer boundary divergence be measured?","none (hand-worked, conceptual)","hardcoded string","none","bert-base-uncased, xlnet-base-cased","none","Jaccard divergence metric definition","n/a","1","1","0","none","","Single hand-computed example, Jaccard=0.80 on one word; explicitly noted as coincidental, not a corpus statistic","","decisions.md lines 30-36; progress.md lines 38-41","MEDIUM","Character-offset space chosen over token-ID space; endpoints {0,N} later dropped at A6 (D5-04)."
"D5-03","2026-07-15","deftok5","A5 (whitespace projection)","PRELIMINARY","Methodology narrative","Does stripping whitespace-coincident boundary agreement isolate genuine subword disagreement?","a5_whitespace_projection.py","hardcoded demo sentence 'how are my tokens split'","stdout only","gpt2, bert-base-uncased, xlnet-base-cased","none","Jaccard divergence (whitespace-projected)","n/a","1","1","0","none","","GPT2-BERT Jaccard 0.5556 raw -> 1.0000 projected; BERT-XLNet 0.0000 raw and projected (invariant)","","progress.md lines 48-57","MEDIUM","Single hand-picked sentence, explicitly flagged in the source docs as extreme/non-representative."
"D5-04","2026-07-15","deftok5","A6 (corpus freeze + correction)","PRELIMINARY","Methodology narrative; demonstrates correction discipline","What is the corpus-scale same-family (BERT-XLNet) raw Jaccard divergence on WikiText-2 null text?","a6_freeze_corpus.py; a6_pair_matrix.py; a6_reconcile.py; a6_reconcile_both.py; a6_diagnose.py","HF wikitext-2-raw-v1","wikitext2_clean.txt (100 sentences, seed 0); wikitext2_scale_10k.txt (10,000 sentences, seed 42)","bert-base-uncased, xlnet-base-cased","none","Jaccard divergence (null/benign characterisation)","0 (100-corpus), 42 (10k-corpus)","100 and 10,000 sentences","100 and 10,000","10,100 (100+10,000)","mean Jaccard","","BERT-XLNet raw Jaccard mean 0.0662 (100-corpus), 0.0583 (10k-corpus); reconciles to ~0.07, NOT to a prior '0.763' answer-key value","corrects a prior '0.763' curriculum answer-key value (see D5-05)","progress.md lines 70-73; decisions.md 'DECISION 2'; wikitext2_clean.txt; wikitext2_scale_10k.txt","HIGH","Endpoints {0,N} dropped in deftok5 (diverges from a prior deftok2 convention); effect on same-family means ~0.004."
"D5-05","correction dated 2026-07-15; original claim date UNKNOWN","deftok5","A6 correction","SUPERSEDED","None (retracted value; historical record only)","n/a (records the retracted claim itself)","n/a (prior curriculum/deftok2-derived value)","n/a","n/a","","","","","","","","","","'0.763' same-family BERT-XLNet Jaccard value, traced to a 'v0.1 configuration' and declared mislabelled","SUPERSEDED BY D5-04 (~0.07 corrected value)","decisions.md 'DECISION 2'","MEDIUM","Correction is documented in prose; the original source of '0.763' (a 'curriculum answer-key') was not independently verified by this audit. Do not cite 0.763 as any deftok5 or version2 result."
"D5-06","2026-07-15 to 2026-07-27","deftok5","B2-B4 (generator demos)","PRELIMINARY","Methodology narrative only -- a toy demo, explicitly NOT the same implementation as version2's paper-faithful attacks (V2-02/V2-03)","Can clean-room TokenBreak/AdvTok mechanism demos be built and verified?","tokenbreak.py; advtok.py","hardcoded demo strings","stdout only","gpt2/bert-base-uncased/xlnet-base-cased tokenizers (exact set per demo unspecified)","TokenBreak (word-length-proxied saliency, NOT paper-faithful); AdvTok (single distance-1 split, NOT the optimised search)","none","0 (AdvTok demo)","1 demo string ('cryptocurrency exchange')","1","0","none","","AdvTok demo: token IDs differ, decoded text identical (byte-preservation property verified on 1 example)","","progress.md lines 97-114; decisions.md DECISION 4/5/6","MEDIUM","Explicitly logged as fidelity deviations from source papers ('[INFERENCE]... NOT a faithful reproduction'). Do not conflate with version2's V2-02/V2-03."
"D5-07","2026-07-27","deftok5","F3-prep (corpus acquisition)","SUPPORTING","Reusable frozen real-traffic corpora; methodology discussion (one-shard-per-corpus limitation)","Can one shard each of LMSYS-Chat-1M, WildChat-1M, ToxicChat be acquired and pinned?","fetch_lmsys.py; fetch_wildchat.py; fetch_toxicchat.py; scripts/build_manifest.py","HF Hub (lmsys-chat-1m, wildchat-1m, toxic-chat)","data/raw/{lmsys,wildchat,toxicchat}/; data/manifests/corpora.json","n/a","none","none","n/a","1 shard each (lmsys 249,303,811 bytes; wildchat 230,786,095 bytes; toxicchat 16,289,257 bytes)","n/a (acquisition only)","n/a","none","","sha256-pinned single-shard acquisition for all 3 corpora, dated 2026-07-27","","data/manifests/corpora.json","HIGH","Explicit limitation logged: '0.1% FPR is not estimable from one shard.'"
"D5-08","prereg 2026-07-27, result 2026-07-28","deftok5","F3-b (redaction test, LMSYS)","PRELIMINARY","Methodology narrative (pre-registration discipline example)","Does redaction status affect cross-tokenizer Jaccard divergence on LMSYS?","score_redaction.py; compare_redaction.py","data/processed/lmsys_english_user_turns.parquet","data/processed/lmsys_divergence_scores.parquet","gpt2, bert-base-uncased, xlnet-base-cased","none","Jaccard divergence (redaction-artefact check)","n/a","134,217 LMSYS user turns (85,246 conversations)","134,217","250,294 (lmsys_divergence_scores.parquet, pre-freeze)","threshold-based verdict (>=0.01 absolute mean difference); no formal CI reported for this test","","jac_gpt2_bert -0.0297; jac_gpt2_xlnet -0.0038; jac_bert_xlnet +0.0363; verdict PARTIALLY REFUTED (predicted 'redacted higher on all pairs'; 2 of 3 pairs exceeded threshold, direction mixed)","","decisions.md lines 190-255; progress.md lines 174-189","HIGH","Pre-reg commit 3287b84, result commit c04d829; motivated the redacted-row drop rule used when freezing lmsys_null_frozen.parquet."
"D5-09","2026-07-28","deftok5","F3-b (redaction test, WildChat)","PRELIMINARY","Methodology narrative","Does redaction status affect divergence on WildChat (replication of D5-08)?","score_wildchat.py","data/processed/wildchat_english_user_turns.parquet","data/processed/wildchat_divergence_scores.parquet","gpt2, bert-base-uncased, xlnet-base-cased","none","Jaccard divergence","n/a","75,839 WildChat turns (29,223 conversations); n=309 redacted conversations specifically","76,893 (pre-freeze scoring, per parquet shape)","76,893","threshold-based verdict; explicit power caveat (n=309 vs LMSYS ~34,556, 'two orders of magnitude smaller')","","jac_gpt2_bert +0.0125 (direction MISMATCH vs LMSYS -0.0297); jac_gpt2_xlnet -0.0026 (direction match, weaker); jac_bert_xlnet +0.0130 (direction match, weaker); verdict PARTIALLY REFUTED, one pair INCONCLUSIVE-FOR-POWER","","decisions.md/progress.md lines 505-518","HIGH","Redaction-direction split across corpora left explicitly [OPEN] -- never resolved in this repository."
"D5-10","claim 2026-07-28, corrected same day","deftok5","F3-b correction","SUPERSEDED","None (retracted claim); methodology narrative re: correction discipline","n/a (records the retracted claim)","freeze_lmsys_null.py","lmsys_english_user_turns.parquet","data/processed/lmsys_null_frozen.parquet (134,217 turns/85,246 convs)","","","","","","","","","","Initial claim '134,217 rows clears 10^5, TPR@0.1%FPR estimable-but-marginal' -- WRONG, retracted; correct resampling unit is conversations (85,246), below the ~100,000 needed; '0.1% FPR is not achievable from this corpus at any floor'","SUPERSEDED: commit fa00ea3 supersedes bd91a9b (per commit b781d39)","decisions.md 'SCALE CLAIM CORRECTED'; progress.md lines 255, 513-514; git commits bd91a9b, fa00ea3, b781d39","HIGH","Also drove adoption of the 200-character length floor (a jaccard()==1.0 ceiling-artefact workaround; removes ~76% of turns, median turn length 82 chars). Do not treat this floor as a version2 defence cost."
"D5-11","prereg 2026-07-28 (677738d), result 2026-07-28 (e8cae2c)","deftok5","F3-b (placeholder mechanism test)","PRELIMINARY","Methodology narrative","Is the redaction-direction effect driven by placeholder format specifically, or by an offset-family mechanism?","placeholder_mechanism.py","5 constructed placeholder strings x 4 conditions (hardcoded, no corpus)","none persisted (deterministic, exact values, reported in decisions.md)","","","","n/a (deterministic)","5","5","20 (5x4 conditions)","exact enumeration, no bootstrap","","Both competing predicates (agree>=4/5 AND oppose>=4/5; disagree>=2/5 OR format-split) fired simultaneously -- reported as MIXED; the constructed test did NOT reproduce the real WildChat corpus-level direction flip","","decisions.md lines 795-813","HIGH","Thread explicitly closed as [OPEN] -- mechanism never resolved; 'no claim in this work depends on resolving it.'"
"D5-12","2026-07-28","deftok5","F3-b (ToxicChat control)","SUPPORTING","Methodology narrative (negative/bounded control result; corpus reusable)","Is harmful-but-unobfuscated text (ToxicChat) more divergent than benign text -- a falsification check on the 'divergence tracks non-canonicality not harmfulness' framing?","freeze_toxicchat_null.py; score_toxicchat.py; diagnose_ceiling_toxicchat.py","data/raw/toxicchat","data/processed/toxicchat_frozen.parquet (10,165 rows); toxicchat_divergence_scores.parquet","bert-base-uncased, xlnet-base-cased","none","Jaccard divergence (control check)","n/a","10,165","10,165","10,165","median/p99 comparison across corpora, no formal CI","","ToxicChat BERT-XLNet median 0.0769 nearly identical to LMSYS 0.0772; ToxicChat p99 0.3200 BELOW both LMSYS 0.3580 and WildChat 0.4231 -- harmful-but-unobfuscated text NOT more divergent than benign","","progress.md lines 461-464","HIGH","Explicitly logged: 'ANY USE OF TOXICCHAT TO ESTIMATE A FALSE-POSITIVE RATE IS A CATEGORY ERROR' (degenerate clustering, cluster size 1 throughout; no language column; at least one non-English row found unquantified)."
"D5-13","2026-07-29","deftok5","C1-C2 (metrics tooling)","SUPPORTING","Reusable methodology/tooling (ROC/AUC, low-FPR operating points), no standalone empirical claim","n/a (tooling build)","deftok5/metrics/roc.py; deftok5/metrics/operating_points.py","n/a","n/a (library code)","","","","","","","","","","ROC/AUC verified against sklearn to atol=1e-12 on 5 constructed cases; threshold_at_fpr raises ValueError when target_fpr < 1/n_neg","","tests/test_roc.py; tests/test_operating_points.py","HIGH","No pre-registration required for tooling-only work per an explicit 2026-07-29 workflow-change decision logged in decisions.md."
"D5-14","2026-07-29","deftok5","C3 (CPT baseline characterisation)","SUPPORTING","Methodology narrative only; NOT the source of version2's CPT thresholds (version2 calibrated independently, see V2-05)","What are benign-null CPT percentiles and 1%-FPR thresholds on LMSYS/WildChat?","characterise_cpt_null.py","lmsys_null_frozen.parquet, wildchat_null_frozen.parquet","data/processed/cpt_null_characterisation.parquet + .md","gpt2, bert-base-uncased, xlnet-base-cased (cpt_gpt2/bert/xlnet detectors)","none","CPT (characters-per-token) baseline","n/a","134,217 + 75,839 turns","134,217 + 75,839","per characterisation table","percentile-based threshold at 1% FPR","","Benign median CPT 4.22-4.59; 1%-FPR threshold 1.41-2.12; achieved FPR 0.00996-0.01000","n/a (cpt_null_characterisation_recheck.md is a byte-identical recheck, not a correction)","progress.md lines 664-666; data/processed/cpt_null_characterisation.md","HIGH","[OPEN] flag logged: count_whitespace=True unverified against the source preprint (arXiv:2510.26847, not peer-reviewed) -- all CPT values/thresholds provisional. BERT [UNK]-collapse inflates CPT (lmsys 2.15%, wildchat 8.33% of rows have >=1 UNK)."
"D5-15","2026-07-29","deftok5","C4 (perplexity baseline characterisation)","SUPPORTING","Methodology narrative; reproducibility-incident case study","What are benign-null GPT-2 perplexity percentiles/thresholds?","characterise_perplexity_null.py","lmsys_null_frozen.parquet, wildchat_null_frozen.parquet","data/processed/perplexity_null_characterisation.parquet + .md","gpt2","","","n/a","134,217 + 75,839","134,217 + 75,839","","percentile threshold at 1% FPR","","Median-to-threshold ratio at 1%FPR: sequence 7.4x (lmsys)/20.5x (wildchat); windowed 58x (lmsys)/25,260x (wildchat)","","progress.md lines 758-761","HIGH","Reproducibility incident: missing model.to(DEVICE) call meant early runs silently ran on CPU; two unexplained host shutdowns (Windows Event Log IDs 41/6008) during the CPU-based scan."
"D5-16","2026-07-29","deftok5","D1-D5 (analysis tooling + contamination finding)","SUPPORTING","Methodology narrative (rank residualisation, resampling-unit design); data-quality incident","n/a (tooling) / does linear residualisation adequately remove fertility/length confounds from Jaccard divergence?","deftok5/analysis/{bootstrap,clustering,degeneracy,residualise}.py; characterise_clustering.py; characterise_fertility_confound.py","frozen nulls","clustering_characterisation.parquet (24x22); fertility_confound_*.parquet","","","","","","","","","","Spearman rho (BERT-XLNet divergence vs fertility) 0.5437-0.7325 vs Pearson r 0.0741-0.2346 (3-7x gap) -- rank residualisation promoted to primary method; 25.69% of LMSYS floor-clearing turns are duplicate-template content (largest group 1,456 copies of a jailbreak/completion template), not found to materially affect 1%-FPR thresholds","n/a (casts doubt on, but does not overturn, a prior separate deftok4 project's linear-residualisation verdict -- out of scope of this audit)","decisions.md D-series entries; data/processed/fertility_confound.md","HIGH","Forward-looking obligation logged 2026-07-29 ('E-series base prompts must be deduplicated first') -- addressed in E0 (D5-18) via benign-base deduplication."
"D5-18","2026-07-30","deftok5","E0 (attack corpus construction + scoring)","SUPPORTING","Methodology narrative (large-scale paired attack generation); NOT part of version2's attack corpus and must not be pooled with V2-02/V2-03","n/a (corpus construction + scoring; no detection verdict produced at this stage)","scripts/build_attack_corpus.py; scripts/score_attack_corpus.py","lmsys_null_frozen.parquet, wildchat_null_frozen.parquet","data/processed/attack_corpus_paired.parquet (293,034 rows); data/processed/attack_scores.parquet (293,034x12)","gpt2, bert-base-uncased, xlnet-base-cased (jaccard component); gpt2/bert/xlnet (cpt); gpt2 (perplexity)","TokenBreak-style (deftok5 clean-room implementation, front position, 200-char floor)","n/a (attack corpus, scored for later E1 use)","0-4 (5 seeds per base text)","134,217 + 75,839 = 210,056 turns; after floor+dedup: lmsys 27,232 unique benign base rows, wildchat 21,607","48,839 unique benign base rows x 5 seeds","293,034 total (lmsys n_attacked_rows=136,160; wildchat n_attacked_rows=108,035; plus benign-base negatives)","cross-seed agreement computed = 0.0000 (0 of 48,839)","UNKNOWN (scoring run separately; see D5-20 for the 276-min GPU rescore)","293,034-row corpus confirmed (matches the '293k' figure referenced in the audit brief); cross-seed full-text agreement 0.0000, explained by letter-draw variance, not word-targeting variance","corrects a previously logged '~14.5% cross-seed mismatch' expectation (see D5-19)","data/processed/attack_corpus_paired.md; decisions.md lines 1621-1653","HIGH","This is deftok5's own TokenBreak implementation (fertility-ranked target selection, explicitly flagged as a fidelity deviation) -- distinct from version2's paper-faithful V2-02. Do not pool numbers."
"D5-19","claim 2026-07-15/27, debunked 2026-07-30","deftok5","E0 correction","SUPERSEDED","None (retracted claim); methodology narrative re: disclosure discipline","n/a","n/a (the '14.5%' figure was inherited/logged, never computed by any script)","","","","","","","","","","","","'~14.5% cross-seed mismatch in which words are targeted' -- disclosed as never measured against any running code; select_target_words takes no seed argument by design, so word targeting is identical across all 5 seeds by construction","SUPERSEDED BY D5-18's measured 0.0000 cross-seed full-text agreement (a different quantity, not a direct replacement value)","decisions.md lines 1618-1653 ('No implementation that ever existed in this repo has measured a 14.5% figure against running code')","HIGH","A textbook example of a logged expectation never being upgraded to fact -- included specifically because the audit discipline requires never silently upgrading LOW/MEDIUM claims to HIGH."
"D5-20","2026-07-31","deftok5","J1-J3 (overnight run + contamination incident)","SUPPORTING","Reproducibility-incident case study for a methodology chapter","n/a (infrastructure/reproducibility event)","scripts/scratch/overnight_runner.py; scripts/recheck_attack_scores.py; scripts/recheck_jaccard_null.py; scripts/scratch/j1_reconcile_repair.py; part2_*.py; _secA_text_stability.py; _secB_divergence_audit.py","prior (contaminated) checkpoints in data/processed/attack_scores_checkpoints/","data/processed/quarantine_wrong_venv/ (11 parquet files + checkpoints_winpython/ subfolder); repaired data/processed/attack_scores.parquet","","","","n/a","12 checkpoints quarantined + attack_scores.parquet itself","2000-row stratified resample (recheck scripts)","n/a","row-by-row diff comparison","J1=276.2 min (16,572.4s GPU rescore, exit_code=0); J2=10.5 min; J3=111.8 min","cpt_xlnet contaminated (1,028 differing rows, max delta 0.887) and declared void; cpt_gpt2/cpt_bert 0 differing rows; seq_ppl_nll 0 differing; jac_bert_xlnet 780 differing rows (max delta 0.257); all 3 jobs ultimately COMPLETE after a separate orchestrator path-bug repair","quarantines/voids prior WinPython-produced results; cpt_xlnet explicitly excluded from E1 (D5-21) as a correction","logs/overnight_20260731T014033Z.log; logs/overnight_summary.md; data/processed/quarantine_wrong_venv/","HIGH","Motivated deftok5/envguard.py. Distinct from a separate orchestrator ValueError bug (path-relativization, repaired same session) -- not itself a data-quality issue."
"D5-21","2026-07-31","deftok5","E1 (confirmatory result)","PRELIMINARY","deftok5's terminal, documented result for the cross-tokenizer-divergence detector idea -- negative/inconclusive; usable only as related-work/motivation context, never pooled into version2's numbers","Is cross-tokenizer divergence (BERT-XLNet Jaccard) superior to a single-tokenizer CPT baseline (GPT-2) at detecting attacked text, at 1% FPR, on LMSYS?","scripts/e1_analysis.py (confirmatory); scripts/e1_unit_sensitivity.py (exploratory; exact write path into E1_results.md Part B not fully traced to source)","attack_scores.parquet (293,034 rows, cpt_xlnet excluded as contaminated), attack_corpus_paired.parquet, lmsys_null_scores.parquet, cpt/perplexity null characterisations","results/E1_results.md + .envfingerprint.json + .provenance.json; figures/E1_logroc.png","gpt2 (cpt_gpt2); bert-base-uncased + xlnet-base-cased (jac component)","deftok5 TokenBreak-style corpus (D5-18)","jac_bert_xlnet (cross-tokenizer divergence) vs cpt_gpt2 (CPT baseline)","n/a (uses full scored corpus)","293,034 scored rows","n_pos=136,160, n_neg=32,784 (LMSYS only, confirmatory scope)","n/a (analysis, not generation)","paired BCa bootstrap 95% CI on delta-TPR@1%FPR, n_boot=2000, n_units=22,655 (conversation-level resampling units)","UNKNOWN (analysis step; scoring runtime captured in D5-20)","TPR@1%FPR jac_bert_xlnet=0.010950, cpt_gpt2=0.010701, delta-TPR=0.000250, 95% CI=[-0.001594, 0.002125] (includes 0) -> DECISION: NOT SUPERIOR; AUC (secondary) jac_bert_xlnet=0.577678, cpt_gpt2=0.521741; pre-registered predicted TPR bands (jac ~6%, cpt ~18%) both badly missed in magnitude","n/a (this is itself the final analysis, run after D5-20's contamination repair)","results/E1_results.md; prereg/E1.md; results/E1_results.md.provenance.json","HIGH","Pre-registered decision rule applied verbatim. This is the deftok5 programme's core finding and the strongest evidence that the 'old detector idea' should not be resurrected as a current-study result."
"D5-22","prereg 2026-07-31 (commit 95420f0, repo HEAD)","deftok5","E2 (position sensitivity)","FUTURE","None -- no result exists; must not be cited as a finding","Is cross-tokenizer divergence detection sensitive to attack position (front/suffix/mid/double-first)?","prereg/E2.md (pre-registration only); implementation exists per commit 509db61 but no results/E2_results.md file found","(would be) attack corpus with position variants","NONE -- no results/E2_results.md exists anywhere in the repository","bert-base-uncased, xlnet-base-cased","position-variant TokenBreak (suffix/mid/double-first, per deftok5/attacks/tokenbreak_corpus.py's 4 position variants)","jac_bert_xlnet","n/a","0 (not run)","0","0","none (prereg only)","n/a","NONE. Predicted (not measured): AUC front=0.578 (measured in E1), suffix~0.51, mid~0.55, double-first~0.60 -- predictions explicitly sourced from 'an external estimate (Claude), not authored by me'","","prereg/E2.md","HIGH (non-existence of result confirmed by exhaustive directory check)","Repo HEAD (95420f0) is this pre-registration commit. Any claim of an 'E2 finding' is unsupported by any file in this repository as audited."
